particle,frames,duration_s,pct_position_observed,pct_rotation_measured,mean_speed_px_s,max_speed_px_s,path_length_px,net_displacement_px,total_rotation_deg,mean_omega_deg_s,mean_abs_omega_deg_s,mean_speed_m_s,max_speed_m_s,path_length_m,net_displacement_m
0,12069,4023,100,100,2.57776,43.7395,16701.6,292.07,834.792,0.207282,6.62844,0.000961852,0.0163207,6.23194,0.108982
1,12069,4023,100,100,2.54549,29.1055,13663.5,334.433,9607.87,2.38827,7.13686,0.000949809,0.0108603,5.0983,0.124788
2,12069,4023,100,100,2.82396,33.7469,13777.6,252.191,-6946.63,-1.72675,5.06392,0.00105371,0.0125921,5.14088,0.0941011
3,12069,4023,100,100,2.65298,45.8104,13630.3,52.9165,4130.28,1.02677,5.25659,0.000989918,0.0170934,5.08595,0.019745
4,12069,4023,100,100,3.11958,33.4734,14902.8,326.115,-20210.4,-5.02358,7.97727,0.00116402,0.0124901,5.56076,0.121685
5,12069,4023,100,100,2.46383,33.3962,11503.3,37.7421,-10641.7,-2.64534,5.4482,0.000919338,0.0124613,4.29226,0.0140829
6,12069,4023,100,100,3.92499,36.7248,18159,195.386,-56795.5,-14.1177,14.6031,0.00146455,0.0137033,6.77574,0.0729053
7,12069,4023,100,100,2.27958,27.5134,11054.9,84.2171,-12475.4,-3.10096,4.48377,0.000850591,0.0102662,4.12495,0.0314243
8,12069,4023,100,100,2.88413,29.1128,13990.9,138.213,-13693.6,-3.40377,6.56158,0.00107617,0.010863,5.22048,0.0515722
9,12069,4023,100,100,3.37395,35.7062,18900.3,232.405,32285.2,8.02502,12.0089,0.00125894,0.0133232,7.05233,0.0867181
10,12069,4023,100,100,2.33108,24.1095,11080.6,441.326,3111.92,0.773809,3.93493,0.000869807,0.0089961,4.13454,0.164674
11,12069,4023,100,100,2.29518,30.3355,12210.9,260.248,1814.22,0.451002,4.16233,0.000856411,0.0113192,4.55631,0.0971076
12,12069,4023,100,100,3.3811,30.8573,15821.4,174.52,-39378,-9.78819,10.6732,0.0012616,0.0115139,5.9035,0.0651193
13,12069,4023,100,100,2.84959,28.5831,13745.8,152.645,-13705.2,-3.40664,5.99362,0.00106328,0.0106653,5.12902,0.0569571
14,12069,4023,100,100,2.69872,27.1085,12740.9,60.4746,-10926.4,-2.7161,4.99049,0.00100698,0.0101151,4.75408,0.0225652
15,12069,4023,100,100,2.69821,33.2203,12559.8,109.543,-29189.5,-7.25567,7.94362,0.00100679,0.0123956,4.68651,0.0408742
16,12069,4023,100,100,2.76979,27.7848,13310.2,139.368,-9614.96,-2.38975,5.39887,0.0010335,0.0103675,4.96648,0.0520028
17,12069,4023,100,100,3.78059,32.2193,17334.3,239.871,-37289.2,-9.26911,10.374,0.00141067,0.0120221,6.46801,0.089504
18,12069,4023,100,100,2.65056,25.9027,12814.8,203.472,678.23,0.168769,4.51849,0.000989015,0.00966518,4.78165,0.0759223
19,12069,4023,100,100,2.96403,32.7035,13578.3,170.484,-27286.7,-6.78279,8.09708,0.00110598,0.0122028,5.06652,0.0636136
20,12069,4023,100,100,1.54556,19.7517,7447.24,167.935,942.671,0.234241,1.72324,0.0005767,0.00737005,2.77882,0.0626623
21,12069,4023,100,100,2.80071,29.4861,14490.2,251.783,-5225.08,-1.29878,4.95229,0.00104504,0.0110023,5.4068,0.0939489
