particle,frames,duration_s,pct_position_observed,pct_rotation_measured,mean_speed_mm_s,median_speed_mm_s,max_speed_mm_s,path_length_mm,net_displacement_mm,mean_r_mm,total_rotation_deg,turns,mean_omega_deg_s,mean_abs_omega_deg_s,pct_omega_cw,mean_v_tan_mm_s,pct_wall_layer
0,12069,4023,100,100,0.835362,0.525878,14.2002,5409.29,95.5735,62.6359,-797.212,-2.21448,-0.19797,6.73368,49.6313,0.190819,65.109
1,12069,4023,100,100,0.824201,0.491464,9.46856,4424.31,110.303,49.336,-9802.81,-27.23,-2.43671,7.27046,53.8321,0.174199,32.1153
2,12069,4023,100,100,0.914436,0.515654,10.9313,4461.01,82.5516,49.178,7088.21,19.6895,1.76194,5.13475,41.3622,0.201392,35.8439
3,12069,4023,100,100,0.859742,0.42595,14.8017,4416.55,18.7914,66.0447,-4175.2,-11.5978,-1.03779,5.34984,45.7867,0.176992,75.2838
4,12069,4023,100,100,1.01023,0.495364,10.8422,4825.72,107.383,55.4501,20752.3,57.6453,5.15832,8.16661,37.2359,0.163806,52.9207
5,12069,4023,100,100,0.798841,0.435494,10.8503,3728.74,12.2998,68.1581,10861.4,30.1705,2.69997,5.58207,54.3956,0.321516,81.9703
6,12069,4023,100,100,1.27044,0.69737,11.8702,5877.95,61.8231,50.418,58552.9,162.647,14.5546,15.0377,15.8422,0.202825,21.9488
7,12069,4023,100,100,0.738664,0.405854,8.94036,3582.24,26.2292,52.279,12929.4,35.9151,3.21382,4.60194,35.529,0.214627,27.4836
8,12069,4023,100,100,0.933923,0.471876,9.38368,4530.23,44.0348,54.384,13787.8,38.2995,3.42721,6.63244,35.3965,0.322846,50.4019
9,12069,4023,100,100,1.09304,0.667567,11.605,6120.75,76.9595,50.9481,-32728.2,-90.9116,-8.13509,12.1587,66.0287,0.196904,41.7433
10,12069,4023,100,100,0.754738,0.464511,7.83083,3587.83,142.828,72.7208,-3250.62,-9.0295,-0.808325,4.00379,50.4433,0.258198,92.0043
11,12069,4023,100,100,0.74385,0.404132,9.85374,3956.59,84.3984,65.9388,-1955.43,-5.43174,-0.486074,4.22086,51.3796,0.195311,70.5278
12,12069,4023,100,100,1.0956,0.631522,10.0194,5125.82,54.8422,56.6987,40912,113.645,10.1695,11.0585,18.4439,0.212478,48.9353
13,12069,4023,100,100,0.922391,0.50906,9.23162,4450.04,49.9125,51.739,14045.8,39.0161,3.49132,6.10138,34.7833,0.241986,42.1825
14,12069,4023,100,100,0.874105,0.558987,8.77142,4126.24,18.1918,64.7947,11356.6,31.5462,2.82298,5.15812,38.3545,0.237127,67.4124
15,12069,4023,100,100,0.873659,0.444264,10.789,4067.51,33.7436,67.7225,30815,85.5971,7.65966,8.35811,37.2773,0.197077,72.4087
16,12069,4023,100,100,0.896779,0.56204,8.98451,4309.21,43.3668,67.5674,9998.49,27.7736,2.48507,5.51223,38.371,0.300574,80.6363
17,12069,4023,100,100,1.22476,0.623177,10.476,5615.1,76.0902,59.4176,38514.4,106.984,9.57371,10.6849,24.4096,0.249063,55.5638
18,12069,4023,100,100,0.858336,0.521662,8.38544,4149.84,64.6385,52.4201,-568.667,-1.57963,-0.141503,4.62069,47.7836,0.212598,39.6139
19,12069,4023,100,100,0.960348,0.529545,10.5406,4398.92,56.5006,51.9717,27726.2,77.0171,6.892,8.20993,27.0114,0.178549,39.9536
20,12069,4023,100,100,0.500351,0.322125,6.43014,2411.62,54.1422,63.6866,-987.561,-2.74322,-0.245534,1.73946,58.3395,0.158121,64.6367
21,12069,4023,100,100,0.907291,0.587972,9.54781,4692.91,80.3702,62.9769,5715.73,15.877,1.42076,5.18939,45.4967,0.273166,74.1486
