rank,id,w,vueltas,pared,horario
0,3,-23.32,-237.8,45.68,91.85
1,9,-18.66,-190.2,12.93,89.42
2,12,-10.91,-111.2,40.76,82.28
3,21,-9.076,-92.53,62.17,80.75
4,16,-7.508,-76.57,45.12,73.52
5,7,-6.359,-64.87,52.73,66.43
6,6,-2.985,-30.43,73.58,65.44
7,18,-2.452,-25,3.587,62.86
8,15,-2.2,-22.43,22.53,58.84
9,19,-1.761,-18.03,37.83,56.4
10,5,-1.524,-15.53,99.95,54.19
11,14,-1.175,-11.98,35.95,58.45
12,4,-0.948,-9.654,52.97,55.76
13,13,-0.3675,-3.742,88.68,53.37
14,2,0.3413,3.477,69.46,50.61
15,11,0.8468,8.635,94.02,56.53
16,8,0.9268,9.451,92.55,37.42
17,17,0.955,9.74,62.9,43.79
18,20,0.9614,9.798,79.86,41.53
19,1,1.468,14.96,81.94,29.98
20,10,2.104,21.48,17.34,36.56
21,0,7.851,80.05,55.69,35.29
