w,p
-60,4.6006e-05
-58,1.6102e-05
-56,2.5304e-05
-54,3.4505e-05
-52,5.2907e-05
-50,0.00010581
-48,0.00020933
-46,0.00039335
-44,0.00054288
-42,0.00075451
-40,0.0010351
-38,0.00144
-36,0.0018656
-34,0.0022704
-32,0.0029214
-30,0.0036092
-28,0.0041636
-26,0.0048629
-24,0.0056335
-22,0.0067445
-20,0.0079729
-18,0.0089252
-16,0.010547
-14,0.01204
-12,0.014087
-10,0.016758
-8,0.021119
-6,0.027491
-4,0.040578
-2,0.084555
0,0.087907
2,0.042747
4,0.025469
6,0.016923
8,0.011644
10,0.0081569
12,0.0062638
14,0.0046351
16,0.0033723
18,0.0026247
20,0.0021531
22,0.0016217
24,0.0012192
26,0.0010812
28,0.00078671
30,0.00060958
32,0.00050607
34,0.00033355
36,0.00024613
38,0.00017943
40,0.00017712
42,0.00011042
44,9.4313e-05
46,4.8307e-05
48,5.9808e-05
50,4.1406e-05
52,4.3706e-05
54,3.4505e-05
56,1.6102e-05
58,9.4313e-05
60,9.4313e-05
