v,p
0,0.56471
0.2,0.88662
0.4,0.7451
0.6,0.59109
0.8,0.45741
1,0.34652
1.2,0.25858
1.4,0.20019
1.6,0.15316
1.8,0.12111
2,0.096135
2.2,0.077292
2.4,0.06495
2.6,0.052154
2.8,0.043259
3,0.037996
3.2,0.032072
3.4,0.028523
3.6,0.025055
3.8,0.022517
4,0.019834
4.2,0.016862
4.4,0.014922
4.6,0.013683
4.8,0.013456
5,0.011062
5.2,0.010629
5.4,0.0090397
5.6,0.0082761
5.8,0.0079872
6,0.0067282
6.2,0.0068727
6.4,0.0064186
6.6,0.0044579
6.8,0.0048914
7,0.0044167
7.2,0.0039007
7.4,0.0036324
7.6,0.0036737
7.8,0.024808
8,0.024808
