t,v_p90,atasco,logG,sat
0.08333,2.402,0,-1.449,0
0.25,2.33,0,-1.45,0
0.4167,2.701,0,-1.566,0
0.5833,2.804,0,-1.352,0
0.75,3.346,0,-1.353,0
0.9167,2.593,0,-1.574,0
1.083,1.46,0,-0.3612,0
1.25,1.312,0,-1.742,0
1.417,0.6295,0,-1.751,0
1.583,1.901,0,-1.575,0
1.75,2.576,0,-0.213,0
1.917,1.18,0,-1.574,0
2.083,1.817,0,-0.09047,0
2.25,2.649,0,-0.07234,0
2.417,3.134,0,-0.3711,0
2.583,2.174,0,-0.04335,0
2.75,1.501,0,0.1965,0
2.917,2.022,0,0.137,0
3.083,1.86,0,0.5486,0
3.25,1.953,0,-0.01801,0
3.417,0.7297,0,0.562,0
3.583,0.9656,0,-0.256,0
3.75,1.271,0,-0.3528,0
3.917,1.381,0,0.4231,0
4.083,2.208,0,-0.4189,0
4.25,1.973,0,-0.4669,0
4.417,1.925,0,0.207,0
4.583,1.726,0,-0.03245,0
4.75,3.824,0,-0.2198,0
4.917,2.05,0,0.06156,0
5.083,1.405,0,-1.274,0
5.25,2.786,0,-0.6489,0
5.417,2.41,0,-1.273,0
5.583,4.705,0,-0.7297,0
5.75,3.074,0,-0.1627,0
5.917,3.321,0,-1.75,0
6.083,2.583,0,-1.574,0
6.25,2.355,0,-1.1,0
6.417,0.9676,0,0.2421,0
6.583,0.7962,0,-1.397,0
6.75,3.113,0,-1.269,0
6.917,2.208,0,-1.565,0
7.083,2.566,0,-0.2291,0
7.25,1.646,0,0.07779,0
7.417,2.285,0,-0.6675,0
7.583,1.828,0,-0.604,0
7.75,2.111,0,-0.04801,0
7.917,3.001,0,-1.449,0
8.083,1.147,0,0.192,0
8.25,1.585,0,-0.716,0
8.417,1.193,0,-1.574,0
8.583,3.577,0,-1.353,0
8.75,4.2,0,-1.574,0
8.917,3.603,0,-0.02823,0
9.083,2.23,0,0.05018,0
9.25,1.929,0,-1.353,0
9.417,1.939,0,-0.3702,0
9.583,3.3,0,-0.6624,0
9.75,1.247,0,-1.566,0
9.917,2.863,0,-1.575,0
10.08,3.285,0,-0.6126,0
10.25,3.39,0,-0.503,0
10.42,1.843,0,-0.9379,0
10.58,1.715,0,-0.2852,0
10.75,2.22,0,-0.4553,0
10.92,1.151,0,0.241,0
11.08,2.27,0,-1.575,0
11.25,2.283,0,-0.2769,0
11.42,3.352,0,-1.574,0
11.58,1.922,0,-0.3533,0
11.75,1.882,0,-0.4901,0
11.92,3.331,0,-1.45,0
12.08,1.02,0,-0.5264,0
12.25,2.714,0,0.3547,0
12.42,1.538,0,-0.4523,0
12.58,2.506,0,-1.75,0
12.75,2.496,0,-1.742,0
12.92,2.825,0,-1.308,0
13.08,2.169,0,-0.07461,0
13.25,2.044,0,0.2623,0
13.42,1.859,0,-0.06475,0
13.58,2.744,0,-1.57,0
13.75,3.078,0,-1.575,0
13.92,4.048,0,-0.9732,0
14.08,2.682,0,-1.051,0
14.25,1.115,0,0.6183,0
14.42,1.361,0,-1.574,0
14.58,2.182,0,-0.1844,0
14.75,2.56,0,-1.574,0
14.92,2.719,0,-0.2099,0
15.08,2.028,0,-0.4339,0
15.25,2.234,0,-1.575,0
15.42,2.5,0,-1.274,0
15.58,2.341,0,-1.178,0
15.75,2.153,0,-0.0266,0
15.92,2.59,0,-1.397,0
16.08,2.507,0,-0.2999,0
16.25,2.953,0,-1.207,0
16.42,2.194,0,-1.45,0
16.58,1.124,0,-1.274,0
16.75,2.066,0,-1.574,0
16.92,2.105,0,-1.152,0
17.08,1.757,0,-1.742,0
17.25,3.46,0,-1.75,0
17.42,3.683,0,-1.45,0
17.58,2.469,0,-1.75,0
17.75,1.642,0,-1.741,0
17.92,1.262,0,-0.2656,0
18.08,2.402,0,-0.7201,0
18.25,2.262,0,-1.445,0
18.42,1.78,0,-1.449,0
18.58,2.192,0,-1.751,0
18.75,1.834,0,-1.741,0
18.92,2.448,0,-1.352,0
19.08,1.769,0,-1.207,0
19.25,1.152,0,-0.1448,0
19.42,2.322,0,-1.574,0
19.58,1.468,0,-1.45,0
19.75,1.743,0,-1.45,0
19.92,3.25,0,-1.575,0
20.08,2.6,0,-1.274,0
20.25,2.089,0,0.1271,0
20.42,2.267,0,-0.03695,0
20.58,0.8192,0,-0.8255,0
20.75,1.611,0,-1.75,0
20.92,1.515,0,-1.449,0
21.08,1.293,0,-1.352,0
21.25,0.9089,0,-0.2515,0
21.42,1.761,0,-1.449,0
21.58,2.448,0,-1.742,0
21.75,2.385,0,-0.1538,0
21.92,2.015,0,0.08482,0
22.08,2.66,0,-1.309,0
22.25,1.818,0,-1.742,0
22.42,2.115,0,-1.449,0
22.58,2.559,0,-0.02781,0
22.75,4.103,0,-0.2063,0
22.92,2.587,0,-0.169,0
23.08,1.776,0,-0.4721,0
23.25,1.469,0,-1.575,0
23.42,2.991,0,-0.9549,0
23.58,3.046,0,-0.3485,0
23.75,1.474,0,-1.575,0
23.92,2.459,0,-1.57,0
24.08,1.395,0,-0.256,0
24.25,2.409,0,-1.574,0
24.42,1.623,0,0.1828,0
24.58,0.8185,0,0.3853,0
24.75,1.591,0,-1.75,0
24.92,1.057,0,-1.746,0
25.08,1.372,0,-1.574,0
25.25,1.512,0,-1.575,0
25.42,3.6,0,-1.75,0
25.58,3.556,0,-1.75,0
25.75,2.15,0,-1.75,0
25.92,1.676,0,-1.75,0
26.08,2.139,0,-1.45,0
26.25,2.275,0,-0.4293,0
26.42,1.821,0,0.09408,0
26.58,1.722,0,0.2241,0
26.75,3.119,0,-1.45,0
26.92,1.39,0,-0.6372,0
27.08,2.58,0,-1.45,0
27.25,2.765,0,-1.45,0
27.42,2.178,0,-1.575,0
27.58,1.758,0,-0.9347,0
27.75,2.041,0,-1.75,0
27.92,1.533,0,-1.75,0
28.08,2.342,0,-1.75,0
28.25,2.071,0,-1.751,0
28.42,2.018,0,-1.746,0
28.58,1.955,0,-0.3196,0
28.75,1.922,0,-1.449,0
28.92,2.944,0,-1.75,0
29.08,2.061,0,-2.043,0
29.25,2.585,0,-1.75,0
29.42,3.044,0,-1.75,0
29.58,2.472,0,-1.575,0
29.75,2.744,0,-1.751,0
29.92,1.252,0,-1.75,0
30.08,1.397,0,0.01675,0
30.25,1.286,0,0.008797,0
30.42,1.593,0,-0.09809,0
30.58,1.8,0,0.01479,0
30.75,1.019,0,-0.03695,0
30.92,2.092,0,0.2744,0
31.08,1.404,0,-0.2627,0
31.25,1.538,0,-0.1689,0
31.42,0.8786,0,-0.4608,0
31.58,0.8379,0,-1.742,0
31.75,0.6143,0,0.02545,0
31.92,1.335,0,-1.449,0
32.08,0.8171,0,0.2055,0
32.25,0.5422,0,0.2543,0
32.42,1.428,0,-1.45,0
32.58,2.81,0,-2.043,0
32.75,2.328,0,-1.751,0
32.92,0.7364,0,0.09434,0
33.08,1.399,0,-0.1255,0
33.25,2.783,0,-1.098,0
33.42,2.006,0,-1.659,0
33.58,2.112,0,-1.575,0
33.75,2.41,0,-1.575,0
33.92,1.939,0,-1.751,0
34.08,1.299,0,-1.75,0
34.25,2.142,0,-1.012,0
34.42,1.106,0,-1.574,0
34.58,1.819,0,-1.574,0
34.75,1.95,0,0.2105,0
34.92,0.8801,0,0.3593,0
35.08,0.5388,0,0.5443,0
35.25,1.062,0,0.3068,0
35.42,1.43,0,-1.75,0
35.58,0.7349,0,-1.75,0
35.75,1.755,0,-1.574,0
35.92,1.034,0,-1.742,0
36.08,1.928,0,-1.751,0
36.25,1.156,0,-1.751,0
36.42,1.563,0,-1.75,0
36.58,2.291,0,-1.75,0
36.75,1.954,0,-1.574,0
36.92,2.017,0,-1.751,0
37.08,1.649,0,-1.75,0
37.25,1.61,0,-1.575,0
37.42,1.303,0,-1.449,0
37.58,0.7462,0,-0.6628,0
37.75,1.219,0,-1.751,0
37.92,2.001,0,-1.751,0
38.08,1.731,0,-1.75,0
38.25,1.848,0,-1.575,0
38.42,1.251,0,-1.75,0
38.58,1.511,0,-1.57,0
38.75,1.544,0,-1.575,0
38.92,1.5,0,-1.575,0
39.08,1.051,0,-1.751,0
39.25,1.371,0,-1.751,0
39.42,1.902,0,-1.574,0
39.58,2.053,0,-0.5519,0
39.75,1.418,0,-1.741,0
39.92,1.211,0,-1.575,0
40.08,1.129,0,-0.6368,0
40.25,1.492,0,-1.575,0
40.42,1.428,0,-1.75,0
40.58,1.977,0,-1.575,0
40.75,0.654,0,-1.309,0
40.92,1.716,0,-1.574,0
41.08,1.372,0,-0.4454,0
41.25,1.436,0,-0.2835,0
41.42,2.165,0,-0.3987,0
41.58,2.337,0,-1.1,0
41.75,1.906,0,-1.566,0
41.92,1.133,0,-1.75,0
42.08,2.32,0,-0.01646,0
42.25,1.29,0,-1.574,0
42.42,0.653,0,-0.3794,0
42.58,1.388,0,-1.353,0
42.75,0.8204,0,-0.9581,0
42.92,0.4941,0,-1.45,0
43.08,0.7314,0,-1.75,0
43.25,1.254,0,-1.353,0
43.42,2.532,0,-1.45,0
43.58,1.097,0,0.02769,0
43.75,2.237,0,0.1164,0
43.92,1.129,0,-1.574,0
44.08,1.49,0,-1.575,0
44.25,0.9902,0,-0.821,0
44.42,1.373,0,-1.75,0
44.58,0.7887,0,-1.897,0
44.75,0.9257,0,-1.742,0
44.92,1.149,0,0.1662,0
45.08,1.086,0,-0.2085,0
45.25,1.139,0,-0.2037,0
45.42,1.262,0,-1.751,0
45.58,1.134,0,-1.353,0
45.75,1.881,0,-0.6571,0
45.92,2.057,0,-0.05452,0
46.08,1.914,0,-2.043,0
46.25,1.542,0,-0.8478,0
46.42,1.265,0,-1.751,0
46.58,0.4598,0,-1.75,0
46.75,1.37,0,-1.658,0
46.92,1.227,0,-1.352,0
47.08,1.102,0,-1.565,0
47.25,1.327,0,0.8356,0
47.42,1.541,0,0.07477,0
47.58,1.086,0,-1.741,0
47.75,1.491,0,-1.45,0
47.92,1.349,0,-0.6906,0
48.08,0.7073,0,-1.575,0
48.25,0.845,0,-0.8305,0
48.42,1.273,0,-1.45,0
48.58,1.756,0,-1.45,0
48.75,1.868,0,-1.75,0
48.92,1.454,0,-1.441,0
49.08,0.9652,0,-1.096,0
49.25,1.261,0,-0.4851,0
49.42,1.286,0,-1.75,0
49.58,1.094,0,-2.043,0
49.75,0.9214,0,-1.57,0
49.92,0.4287,0.8667,-1.574,0
50.08,0.321,1,-1.75,0
50.25,0.3259,1,-1.751,0
50.42,0.7156,1,-1.742,0
50.58,0.5673,1,0.8469,0
50.75,0.3493,1,0.1973,0
50.92,0.4282,1,0.3788,0
51.08,0.4371,1,0.5667,0
51.25,0.5554,1,-1.575,0
51.42,0.4574,0.4333,-1.575,0
51.58,0.7666,0,0.1567,0
51.75,0.8904,0,-1.273,0
51.92,0.87,0,0.2271,0
52.08,0.5498,0,0.03084,0
52.25,0.977,0,-1.352,0
52.42,0.8643,0,-2.043,0
52.58,0.8116,0,-2.043,0
52.75,0.6545,0,-0.3313,0
52.92,0.6938,0,-0.6558,0
53.08,0.4957,0,0.07638,0
53.25,0.6129,0,0.438,0
53.42,0.5438,0,0.2881,0
53.58,0.7003,0,0.07814,0
53.75,0.5814,0,0.2805,0
53.92,0.6934,0,-1.353,0
54.08,0.6148,0,-0.502,0
54.25,0.6097,0,-1.575,0
54.42,0.8411,0,-0.9321,0
54.58,0.9132,0,-1.75,0
54.75,1.478,0,-1.75,0
54.92,0.7743,0,-1.751,0
