t,v_med,v_p90,w_med,atasco
0.2472,1.094,3.297,6.474,0
0.7472,0.785,1.703,4.25,0
1.247,0.7987,1.795,3.431,0
1.747,0.6956,1.364,4.031,0
2.247,0.897,2.009,3.266,0
2.747,0.6629,1.573,4.075,0
3.247,0.7668,2.106,3.595,0
3.747,1.179,3.11,5.5,0
4.247,0.9389,4.192,6.003,0
4.747,1.082,3.859,6.643,0
5.247,0.9461,2.221,4.421,0
5.747,0.9312,2.843,5.343,0
6.247,0.9748,2.448,5.343,0
6.747,1.005,2.41,5.096,0
7.247,0.839,2.281,4.494,0
7.747,0.7275,2.161,3.691,0
8.247,0.9263,2.405,3.911,0
8.747,0.9349,3.104,5.166,0
9.247,0.78,3.458,4.962,0
9.747,0.8845,3.32,5.318,0
10.25,1.041,3.47,6.051,0
10.75,0.9354,2.469,4.086,0
11.25,1.024,2.25,5.083,0
11.75,0.6399,2.048,4.179,0
12.25,0.9256,2.429,6.111,0
12.75,0.8426,2.467,6.02,0
13.25,0.5168,1.034,3.05,0
13.75,0.8221,2.137,4.511,0
14.25,0.727,1.875,4.297,0
14.75,0.7604,1.821,4.661,0
15.25,1.291,3.173,5.541,0
15.75,1.089,2.516,7.485,0
16.25,1.16,2.604,6.14,0
16.75,0.9142,1.655,5.432,0
17.25,1.081,2.153,5.933,0
17.75,1.113,2.532,6.167,0
18.25,1.085,2.569,4.651,0
18.75,0.4503,0.6679,1.194,0.3889
19.25,0.3775,0.6145,1.189,1
19.75,0.2369,0.3716,1.119,1
20.25,0.2354,0.4038,1.558,1
20.75,0.3454,0.583,1.912,0.6
21.25,0.3348,0.6678,2.105,0.4444
21.75,0.2795,0.4802,1.459,0.8778
22.25,1.29,2.662,5.356,0
22.75,0.8819,1.839,5.156,0
23.25,0.8514,1.842,4.319,0
23.75,1.013,2.245,4.487,0
24.25,0.8038,2.356,3.653,0
24.75,1.094,2.823,4.985,0
25.25,1.08,2.69,4.636,0
25.75,1.077,3.176,4.337,0
26.25,1.085,2.486,4.006,0
26.75,1.059,2.427,4.19,0
27.25,0.924,2.626,4.626,0
27.75,1.154,2.95,3.807,0
28.25,0.6284,1.371,2.832,0
28.75,0.5582,0.8054,1.333,0
29.25,0.6436,0.9112,1.647,0
29.75,0.7453,1.247,2.096,0
30.25,0.257,0.3868,0.6309,0.9111
30.75,0.5313,1.172,2.206,0.4556
31.25,0.8848,2.131,3.816,0
31.75,0.9812,2.714,5.942,0
32.25,1.287,2.967,4.746,0
32.75,1.177,2.091,4.299,0
33.25,0.7666,1.747,4.215,0
33.75,0.9529,2.848,5.24,0
34.25,1.119,2.637,4.934,0
34.75,1.336,2.784,4.336,0
35.25,0.6342,1.335,2.656,0
35.75,0.8684,1.887,4.248,0
36.25,0.6049,1.105,1.79,0.3444
36.75,0.3704,0.66,1.622,0.5667
37.25,0.5558,0.9076,1.753,0
37.75,0.6969,1.21,2.743,0
38.25,0.5802,1.094,3.144,0
38.75,1.079,2.345,3.452,0
39.25,0.8605,2.62,4.848,0
39.75,0.5547,2.059,3.793,0
40.25,0.4774,1.636,2.037,0
40.75,0.4561,1.131,3.169,0
41.25,0.6646,2.404,3.798,0
41.75,0.7519,3.67,3.338,0
42.25,1.039,2.365,4.865,0
42.75,0.6133,2.254,5.101,0
43.25,0.6997,2.509,3.394,0
43.75,0.7185,2.477,3.713,0
44.25,0.6134,2.564,4.054,0
44.75,0.9627,2.892,4.032,0
45.25,0.9575,2.59,3.486,0
45.75,0.7875,2.013,3.193,0
46.25,0.9582,2.388,3.568,0
46.75,0.9053,2.845,4.646,0
47.25,1.113,3.008,6.04,0
47.75,0.4488,1.888,3.514,0
48.25,0.6629,2.663,3.449,0
48.75,0.6002,2.811,4.551,0
49.25,0.7267,2.26,5.588,0
49.75,0.7678,1.999,5.053,0
50.25,0.6953,2.307,3.989,0
50.75,0.5745,1.739,3.206,0
51.25,0.5615,2.263,3.476,0
51.75,0.5266,2.15,3.105,0
52.25,0.4527,1.89,3.978,0
52.75,0.42,1.26,2.888,0
53.25,0.3076,0.6365,1.33,0
53.75,0.7773,2.393,3.366,0
54.25,0.6495,1.769,3.559,0
54.75,0.5558,1.306,3.306,0
55.25,0.7528,1.937,3.645,0
55.75,0.6624,2.183,3.57,0
56.25,0.8745,2.772,4.607,0
56.75,1.037,2.486,4.664,0
57.25,0.9871,2.458,4.83,0
57.75,0.7916,1.667,3.725,0
58.25,0.8475,2.036,4.051,0
58.75,0.9781,2.349,4.221,0
59.25,0.6947,2.277,3.944,0
59.75,1.037,2.989,3.733,0
60.25,0.9919,2.417,3.509,0
60.75,0.7127,1.927,3.608,0
61.09,0.7458,1.767,2.814,0
