id,obs,vmed,vmax,rec,net,vueltas,wabs
0,100,1.085,11.74,531,5.68,78.56,11.12
1,100,0.7702,5.468,317.2,17.05,14.44,2.077
2,100,0.8503,9.567,412.3,13.12,3.349,4.805
3,100,0.9989,8.868,449.6,13.67,-9.296,4.933
4,100,2.048,13.12,845.8,15.28,-231.8,23.02
5,100,1.055,10.64,591.7,15.83,-15.1,8.373
6,100,1.113,12.63,481,13.58,-29.62,5.653
7,100,1.23,13.59,627.4,16.09,-63.47,9.848
8,100,0.689,6.354,294.3,10.39,9.157,1.837
9,100,1.735,11.7,720.5,8.681,-186,18.73
10,100,0.8007,10.18,355.4,6.147,21.14,4.179
11,100,0.8257,10.6,381.6,6.912,8.076,4.082
12,100,1.526,11.58,627.5,9.824,-107.6,11.78
13,100,1.072,9.675,465.7,4.867,-22.26,5.641
14,100,0.8463,8.681,377.5,15.84,-3.701,3.418
15,100,1.196,8.31,525.3,4.888,-11.51,5.608
16,100,1.392,11.88,596.1,12.51,-74.6,10.01
17,100,0.9085,6.871,395.6,9.765,9.563,3.526
18,100,1.061,10.6,467.4,3.221,-24.46,5.846
19,100,0.9747,9.726,423,16.03,-17.67,5.269
20,100,0.7403,9.758,313,13.28,9.261,2.839
21,100,1.184,11.24,486.7,6.751,-91.18,10.02
