t,v_mean,v_q25,v_q75,w_mean,n_obs
0.0555556,0.718471,0.325905,0.792221,4.05641,22
0.172222,1.88702,0.665358,2.85512,10.2858,22
0.288889,1.99903,1.1642,2.34447,11.7041,22
0.405556,1.52594,0.76688,1.92602,10.5901,22
0.522222,2.25723,1.21311,2.85597,12.7205,22
0.638889,2.64282,1.34686,3.38234,9.7513,22
0.755556,2.11674,1.62492,2.60944,8.62272,22
0.872222,1.56863,0.773068,2.23411,10.6288,22
0.988889,1.11023,0.55602,1.57519,8.20965,22
1.10556,1.14456,0.602021,1.38716,9.66511,22
1.22222,1.09137,0.424368,1.11928,9.15611,22
1.33889,1.37049,0.613283,1.53776,9.54402,22
1.45556,1.78696,1.1209,2.30846,9.44372,22
1.57222,1.44952,0.73866,1.6908,7.97029,22
1.68889,1.87926,1.09811,2.51751,9.51329,22
1.80556,2.20488,1.29642,2.93233,9.71393,22
1.92222,1.09023,0.493521,1.31706,9.3514,22
2.03889,1.59977,0.906367,1.98515,10.4688,22
2.15556,1.41807,0.810641,1.94158,8.04648,22
2.27222,1.67979,0.650966,2.48594,7.8793,22
2.38889,1.42237,0.729611,1.60945,9.11444,22
2.50556,1.48836,0.733727,1.83819,8.59557,22
2.62222,0.798231,0.27791,0.974136,7.6853,22
2.73889,1.31619,0.608412,1.46292,10.4307,22
2.85556,1.86647,1.09392,2.01272,10.7049,22
2.97222,1.80915,1.18979,2.11447,7.72617,22
3.08889,1.03503,0.517599,1.22732,4.97413,22
3.20556,1.22448,0.723943,1.54855,8.85537,22
3.32222,1.81265,1.10607,2.33709,10.2015,22
3.43889,2.46834,1.32799,3.12128,10.4942,22
3.55556,1.53372,0.883269,1.7198,10.4274,22
3.67222,1.96712,0.957218,2.66155,10.5565,22
3.78889,1.91392,1.16515,2.075,12.8348,22
3.90556,1.34742,0.770796,1.61648,10.4132,22
4.02222,1.58642,1.07147,1.92383,7.90247,22
4.13889,1.94645,1.21742,2.44278,10.2466,22
4.25556,1.14889,0.394479,1.57789,7.33258,22
4.37222,1.73514,0.889435,2.25188,11.0287,22
4.48889,1.45653,0.724362,1.79992,11.9105,22
4.60556,1.98778,1.35659,1.98424,11.8876,22
4.72222,1.94749,1.4138,2.30024,13.1197,22
4.83889,1.37315,0.686531,1.55281,11.4895,22
4.95556,1.58535,0.93946,2.00827,10.9305,22
5.07222,1.0674,0.356194,1.54544,8.20801,22
5.18889,1.61674,0.503348,2.31375,9.18262,22
5.30556,1.66942,0.738653,2.22927,10.4607,22
5.42222,1.90004,0.928489,2.34592,13.8707,22
5.53889,1.48933,0.529708,1.66936,8.80925,22
5.65556,1.22659,0.558145,1.44092,10.8801,22
5.77222,1.65922,0.815122,2.22654,10.125,22
5.88889,1.10197,0.727747,1.36477,8.7556,22
6.00556,1.94154,1.27877,2.50812,9.15975,22
6.12222,1.42953,0.831459,1.756,9.73713,22
6.23889,1.23074,0.540267,1.38705,8.55912,22
6.35556,1.59564,0.922125,2.12629,9.47615,22
6.47222,0.843578,0.439721,1.11401,8.38518,22
6.58889,1.35672,0.70066,1.58049,6.94274,22
6.70556,1.72557,1.14295,2.04525,9.45152,22
6.82222,1.25588,0.645113,1.60888,12.9331,22
6.93889,1.09051,0.525881,1.19736,10.9929,22
7.05556,2.53065,1.96825,2.76549,10.3128,22
7.17222,1.62377,0.946608,2.07554,8.8166,22
7.28889,0.907111,0.538429,1.02233,8.36386,22
7.40556,2.11601,0.999326,2.94217,8.28313,22
7.52222,1.33075,0.68013,1.81766,9.22823,22
7.63889,0.852842,0.48661,1.06361,5.54352,22
7.75556,0.411673,0.264931,0.522806,4.94781,22
7.87222,0.914555,0.516197,1.26336,7.45189,22
7.98889,1.55933,0.733829,2.06941,10.465,22
8.10556,1.19585,0.632724,1.47194,9.11738,22
8.22222,1.09614,0.493987,1.36215,9.26842,22
8.33889,1.88671,0.940555,2.32797,11.0474,22
8.45556,2.34981,1.29737,3.09906,13.2371,22
8.57222,1.98749,0.94523,2.5148,13.3351,22
8.68889,1.75262,1.03599,1.93607,11.3588,22
8.80556,1.37156,0.629417,1.58452,7.91476,22
8.92222,1.18571,0.476338,1.55392,7.99933,22
9.03889,1.68363,0.641001,2.29579,9.5873,22
9.15556,2.19949,1.42199,2.7347,10.3893,22
9.27222,1.83337,1.0868,2.11633,10.0273,22
9.38889,1.96575,0.788157,2.52208,10.378,22
9.50556,1.39381,0.605465,1.70511,11.767,22
9.62222,1.39926,0.5063,1.75238,10.7326,22
9.73889,1.87621,0.959888,2.49051,12.0191,22
9.85556,1.45796,0.994133,1.62395,8.7853,22
9.97222,1.28509,0.536819,1.39766,9.43624,22
10.0889,1.50054,0.813393,1.79217,11.6783,22
10.2056,2.04008,0.903531,2.63513,11.8598,22
10.3222,2.0576,0.987715,2.45824,10.9869,22
10.4389,2.07188,1.31187,2.63634,11.5164,22
10.5556,1.3211,0.532302,1.60716,10.4719,22
10.6722,2.09684,1.08489,2.60357,9.20511,22
10.7889,1.27344,0.649291,1.52856,7.16279,22
10.9056,0.787593,0.396772,0.952846,7.47425,22
11.0222,0.580162,0.258306,0.746462,7.1769,22
11.1389,1.93991,1.06951,2.42929,11.3756,22
11.2556,1.90511,0.740185,2.33577,12.6994,22
11.3722,1.75654,1.08695,2.05148,11.6003,22
11.4889,1.34858,0.553701,1.50907,10.6527,22
11.6056,2.08296,1.0486,2.75144,13.157,22
11.7222,1.98197,0.693092,2.68384,11.4126,22
11.8389,1.25201,0.537769,1.19966,10.2451,22
11.9556,2.29509,1.49079,2.38439,10.8104,22
12.0722,1.76834,0.820641,2.28813,11.6593,22
12.1889,1.09966,0.540875,1.46571,9.9682,22
12.3056,1.56199,0.820699,2.09146,10.8187,22
12.4222,1.28732,0.635241,1.40681,8.36337,22
12.5389,1.62875,0.839866,2.36987,8.50709,22
12.6556,1.25779,0.762195,1.60794,11.604,22
12.7722,1.18575,0.645096,1.37109,11.179,22
12.8889,2.04231,1.29223,2.50411,9.83058,22
13.0056,2.15818,1.35684,2.55357,11.1796,22
13.1222,1.014,0.609937,1.10781,8.12796,22
13.2389,1.6395,1.06872,1.83011,11.6238,22
13.3556,1.20939,0.361948,1.68356,11.6314,22
13.4722,1.64356,1.15433,1.89983,11.5266,22
13.5889,2.20882,1.12359,2.90515,14.4969,22
13.7056,1.71907,0.905162,2.10277,10.268,22
13.8222,1.44974,0.856928,1.81474,9.55358,22
13.9389,2.64612,1.55804,3.41283,11.7698,22
14.0556,2.08447,0.888265,2.89729,10.0788,22
14.1722,1.46841,0.929394,1.79791,11.4355,22
14.2889,0.68515,0.406961,0.908611,9.06673,22
14.4056,1.3939,0.4637,1.98031,11.5312,22
14.5222,2.02796,0.978058,2.69827,12.419,22
14.6389,1.62861,0.753068,2.30346,10.8127,22
14.7556,2.66703,1.69356,3.29959,11.795,22
14.8722,1.66888,0.686438,2.34631,9.99955,22
14.9889,1.96483,0.750717,3.07282,10.1933,22
15.1056,2.31311,1.08486,3.392,11.7968,22
15.2222,2.02694,1.43264,2.64394,9.72956,22
15.3389,1.97465,0.820313,2.48148,11.1193,22
15.4556,1.57025,0.755921,1.68476,10.9551,22
15.5722,1.44282,0.594919,1.81427,10.7326,22
15.6889,1.32231,0.505206,1.72193,11.186,22
15.8056,1.57543,0.553608,2.02334,11.3256,22
15.9222,1.24814,0.5776,1.3421,8.98368,22
16.0389,1.66959,0.951694,1.90101,10.0635,22
16.1556,1.79522,1.04808,2.11986,10.7904,22
16.2722,1.3466,0.691455,1.73125,7.99989,22
16.3889,1.37114,0.747426,1.89038,8.96858,22
16.5056,2.41745,1.44321,2.95918,11.0742,22
16.6222,1.84455,0.759922,2.34606,9.81717,22
16.7389,1.70853,0.529833,2.55513,10.3314,22
16.8556,1.41444,0.5254,1.5957,9.71065,22
16.9722,1.02151,0.509714,1.19964,7.91603,22
17.0889,0.999438,0.48348,1.08986,7.96947,22
17.2056,1.85865,0.895907,2.48919,8.74296,22
17.3222,1.20393,0.658187,1.55326,8.65899,22
17.4389,1.07949,0.620376,1.33377,8.03462,22
17.5556,0.803091,0.474106,0.998848,8.23209,22
17.6722,0.983306,0.501457,1.3266,7.27612,22
17.7889,1.50759,1.08495,1.90963,7.49804,22
17.9056,0.681463,0.320811,0.824439,7.31047,22
18.0222,0.469611,0.194404,0.488313,4.38691,22
18.1389,0.29268,0.176124,0.359717,1.97123,22
18.2556,0.91407,0.484889,1.09184,2.94844,22
18.3722,1.72229,0.729668,2.14601,8.97055,22
18.4889,1.80152,0.929778,2.40879,9.05623,22
18.6056,2.29014,1.43762,2.79117,9.1615,22
18.7222,1.58854,0.701777,2.1673,9.22829,22
18.8389,1.73526,0.742187,2.50158,7.48107,22
18.9556,1.59946,0.595442,2.03597,7.18299,22
19.0722,1.57693,0.733225,2.17786,6.82127,22
19.1889,0.758794,0.422226,0.884022,7.15654,22
19.3056,1.74896,0.901263,2.31782,10.4734,22
19.4222,2.4072,1.08873,3.23592,9.47605,22
19.5389,0.914009,0.466941,1.23613,6.36642,22
19.6556,1.98326,0.721593,2.41246,9.01065,22
19.7722,2.14111,1.35373,2.60268,8.86364,22
19.8889,0.968592,0.595932,1.29518,5.63063,22
20.0056,0.305588,0.181062,0.363781,3.45997,22
20.1222,0.238098,0.114975,0.219121,1.807,22
20.2389,0.287399,0.178348,0.396534,2.12979,22
20.3556,0.757306,0.395574,0.929976,4.7747,22
20.4722,0.631842,0.37408,0.750656,7.99851,22
20.5889,1.00173,0.500123,1.24386,8.40211,22
20.7056,1.86537,0.743545,2.73807,9.44762,22
20.8222,2.31882,1.23769,3.01662,10.7876,22
20.9389,0.823201,0.525798,1.04908,6.6716,22
21.0556,1.13232,0.551649,1.40345,6.98843,22
21.1722,1.95101,0.837312,2.5623,9.76858,22
21.2889,0.899342,0.539762,1.13319,6.28245,22
21.4056,1.68382,0.792379,2.0998,8.72284,22
21.5222,1.22308,0.430262,1.65963,8.39433,22
21.6389,0.920462,0.400312,1.09007,8.02254,22
21.7556,1.13588,0.833189,1.44658,7.98017,22
21.8722,0.927182,0.385064,1.28334,9.18642,22
21.9889,0.928502,0.523679,1.13767,8.71185,22
22.1056,0.937973,0.358529,1.14535,8.31308,22
22.2222,0.400813,0.21563,0.465232,5.56681,22
22.3389,1.03712,0.457268,1.28433,6.9785,22
22.4556,1.1845,0.71428,1.37677,8.7513,22
22.5722,0.673569,0.329686,0.839186,7.03711,22
22.6889,0.912808,0.391164,0.930449,8.07117,22
22.8056,1.05458,0.439014,1.45749,6.84926,22
22.9222,1.54911,0.783552,2.09746,9.46322,22
23.0389,0.847312,0.39144,0.870768,6.54964,22
23.1556,1.15165,0.625445,1.56898,6.86023,22
23.2722,0.925482,0.438678,1.08684,7.41716,22
23.3889,1.36943,0.732659,1.77605,9.06431,22
23.5056,0.723811,0.413555,0.884542,9.49744,22
23.6222,1.49711,0.703127,1.84453,10.3764,22
23.7389,1.37832,0.54356,2.02872,11.1678,22
23.8556,1.18338,0.620255,1.31407,7.69463,22
23.9722,0.892924,0.433635,1.01845,7.55823,22
24.0889,0.905063,0.629234,1.02171,6.07789,22
24.2056,1.0384,0.623014,1.07344,6.46313,22
24.3222,0.854627,0.331902,0.965199,7.59123,22
24.4389,0.617793,0.326526,0.757254,7.11559,22
24.5556,0.683712,0.293367,0.885731,7.65658,22
24.6722,1.43483,0.838951,1.7968,8.25074,22
24.7889,1.26415,0.531613,1.35509,6.77477,22
24.9056,1.39785,0.47686,1.69875,9.25727,22
25.0222,1.35668,0.556987,1.33531,9.19828,22
25.1389,2.09846,1.19861,2.72748,8.7135,22
25.2556,1.20149,0.352876,1.53265,8.8418,22
25.3722,1.51946,0.373354,1.77958,9.76638,22
25.4889,1.47906,0.340478,1.71244,8.7601,22
25.6056,1.81973,0.769328,2.40579,8.28619,22
25.7222,0.911736,0.370414,0.986847,8.53747,22
25.8389,1.71849,0.636696,2.17021,12.477,22
25.9556,1.31191,0.306741,1.53517,10.6534,22
26.0722,1.46942,0.487757,1.81908,10.7088,22
26.1889,1.03473,0.396791,1.37706,9.63407,22
26.3056,1.69117,0.433509,2.39795,11.3983,22
26.4222,1.234,0.482625,1.36053,9.61929,22
26.5389,0.977797,0.342327,1.02384,8.92597,22
26.6556,1.16606,0.670352,1.17479,9.02094,22
26.7722,0.809017,0.353112,0.932829,5.46344,22
26.8889,0.985859,0.464557,1.22156,6.47849,22
27.0056,0.595309,0.282142,0.573658,5.347,22
27.1222,0.512951,0.206369,0.407089,3.14771,22
27.2389,0.581724,0.286888,0.665175,4.20276,22
27.3556,1.3068,0.380371,1.88879,7.42526,22
27.4722,0.778329,0.268192,0.949413,7.72942,22
27.5889,1.28693,0.494347,1.62588,8.91762,22
27.7056,1.01049,0.360498,1.38961,8.87293,22
27.8222,1.46554,0.479732,2.08489,8.47225,22
27.9389,0.864718,0.418872,1.00112,8.05601,22
28.0556,1.01343,0.301656,0.837057,7.02768,22
28.1722,1.19579,0.376807,1.05047,6.01828,22
28.2889,0.976426,0.409441,1.03191,8.70104,22
28.4056,0.669201,0.226194,0.50947,7.61416,22
28.5222,0.929391,0.23764,0.638073,7.57905,22
28.6389,0.667439,0.237296,0.910707,5.46155,22
28.7556,0.398065,0.20938,0.515226,2.85876,22
28.8722,0.180322,0.119136,0.239021,1.09667,22
28.9889,0.465149,0.204558,0.567014,3.82664,22
29.1056,0.626885,0.407394,0.763936,4.68892,22
29.2222,0.492233,0.318989,0.617856,4.98245,22
29.3389,0.486703,0.291841,0.605599,5.76451,22
29.4556,0.360984,0.214294,0.453459,4.58819,22
29.5722,0.762124,0.317664,0.846721,5.12679,22
29.6889,0.523662,0.229395,0.603053,5.02165,22
29.8056,0.84722,0.316617,1.19809,6.33327,22
29.9222,0.632915,0.368217,0.784668,6.03993,22
30.0389,0.659583,0.195877,0.576583,7.38853,22
30.1556,0.87848,0.37931,0.909392,6.93954,22
30.2722,0.289554,0.137112,0.32927,3.26078,22
30.3889,0.254714,0.193764,0.313063,1.65208,22
30.5056,0.290654,0.193418,0.371162,2.36958,22
30.6222,0.535254,0.233858,0.792399,1.73021,22
30.7389,2.0377,0.788756,3.29936,7.3199,22
30.8556,1.1813,0.254464,1.63406,8.5812,22
30.9722,1.38204,0.538024,1.81365,7.68181,22
31.0889,1.4672,0.488663,1.92536,8.91306,22
31.2056,1.35427,0.430551,1.25908,7.90313,22
31.3222,1.42584,0.313088,1.36093,8.97846,22
31.4389,1.30054,0.332693,0.993496,8.64287,22
31.5556,1.09188,0.302109,1.05621,7.63808,22
31.6722,1.04979,0.315157,0.986736,6.73863,22
31.7889,1.05702,0.326533,1.34739,7.01242,22
31.9056,1.22445,0.570985,1.35688,8.55423,22
32.0222,1.25522,0.485931,1.29646,7.69435,22
32.1389,0.997917,0.343898,0.950913,8.69815,22
32.2556,1.00827,0.357563,0.941698,9.01279,22
32.3722,1.51726,0.621446,1.96293,8.58035,22
32.4889,0.943172,0.453275,1.24637,8.76792,22
32.6056,1.59082,0.730167,2.03833,9.23151,22
32.7222,1.22813,0.62928,1.47152,7.68957,22
32.8389,0.906087,0.419059,1.11294,7.35073,22
32.9556,1.41347,0.677996,1.61054,8.79526,22
33.0722,0.768466,0.428055,0.930499,8.32015,22
33.1889,1.06199,0.319829,1.45718,7.3519,22
33.3056,0.827456,0.324044,0.978841,7.73282,22
33.4222,0.942888,0.382022,1.1226,8.44871,22
33.5389,1.11026,0.435606,1.57847,7.35173,22
33.6556,1.6729,0.617329,2.35857,6.78103,22
33.7722,1.36166,0.486733,1.80563,6.96993,22
33.8889,1.50908,0.709733,1.7638,8.72126,22
34.0056,1.37691,0.470414,1.41564,8.97183,22
34.1222,1.27469,0.590804,1.50429,7.3195,22
34.2389,1.28155,0.556807,1.57663,8.30318,22
34.3556,1.27397,0.372738,1.96599,7.90104,22
34.4722,1.31201,0.408059,1.91475,8.35754,22
34.5889,0.88422,0.294606,0.909597,7.66438,22
34.7056,1.10053,0.50612,1.13415,8.41844,22
34.8222,1.31472,0.451464,1.26836,8.9489,22
34.9389,1.16764,0.579535,1.2395,8.75117,22
35.0556,0.986085,0.406029,1.26254,7.83902,22
35.1722,1.34788,0.51322,1.65856,8.70075,22
35.2889,1.18339,0.539326,1.52664,6.81466,22
35.4056,1.10061,0.404981,1.12357,7.78269,22
35.5222,1.05742,0.395657,1.34423,6.48148,22
35.6389,0.756849,0.285292,0.671747,5.83997,22
35.7556,1.1965,0.509551,1.37451,8.8279,22
35.8722,1.19269,0.41031,1.21649,8.11464,22
35.9889,1.2417,0.473714,1.27279,8.59231,22
36.1056,1.00512,0.392209,1.26673,8.05808,22
36.2222,0.591572,0.181646,0.490852,8.10979,22
36.3389,0.599686,0.270653,0.589778,5.47508,22
36.4556,0.524186,0.283959,0.472626,2.74205,22
36.5722,0.615903,0.362621,0.659737,4.09752,22
36.6889,0.751787,0.338043,0.754356,7.43774,22
36.8056,1.09184,0.341129,1.40683,7.90017,22
36.9222,1.35089,0.489588,1.92017,8.59644,22
37.0389,1.13919,0.433101,1.38411,7.59237,22
37.1556,1.05424,0.431678,1.33316,7.59296,22
37.2722,0.9082,0.452155,1.02718,7.03662,22
37.3889,0.511715,0.222093,0.557008,4.38861,22
37.5056,1.10613,0.569097,1.37179,5.15034,22
37.6222,1.12137,0.419252,1.44699,7.16221,22
37.7389,0.467993,0.195712,0.5535,5.30283,22
37.8556,1.40881,0.430024,2.21735,8.58125,22
37.9722,1.18496,0.578459,1.68954,7.7695,22
38.0889,1.2744,0.454845,1.63852,9.60582,22
38.2056,0.94558,0.484865,1.15796,9.31162,22
38.3222,0.545462,0.319757,0.65713,6.72438,22
38.4389,0.550655,0.296666,0.721267,6.25565,22
38.5556,0.623674,0.324699,0.844077,6.77916,22
38.6722,0.647515,0.346611,0.657839,6.31792,22
38.7889,0.724782,0.341252,0.905558,6.12657,22
38.9056,0.474592,0.197297,0.460238,5.92557,22
39.0222,1.22265,0.479979,1.54476,8.30977,22
39.1389,1.29967,0.679122,1.50944,9.1465,22
39.2556,0.833754,0.316283,0.914191,8.2904,22
39.3722,1.1802,0.491356,1.3054,9.52626,22
39.4889,1.09862,0.448747,1.31322,9.71271,22
39.6056,1.18721,0.604877,1.46404,9.46245,22
39.7222,1.2639,0.497786,1.53211,7.45008,22
39.8389,0.897547,0.301216,1.19138,6.67923,22
39.9556,0.842398,0.296748,1.06182,7.33006,22
40.0722,0.649833,0.363665,0.84529,5.28293,22
40.1889,0.618898,0.309663,0.806316,5.59988,22
40.3056,0.516577,0.272833,0.670666,5.67668,22
40.4222,1.09787,0.459239,1.40371,7.56494,22
40.5389,0.801746,0.315453,0.977127,7.10195,22
40.6556,0.769798,0.312193,0.889137,6.80197,22
40.7722,0.878004,0.303131,0.996444,4.80367,22
40.8889,0.79146,0.364575,0.92877,5.32879,22
41.0056,0.772754,0.464249,0.916269,5.3951,22
41.1222,0.96375,0.447453,1.26327,7.61256,22
41.2389,0.952753,0.297078,1.18628,6.31941,22
41.3556,1.17369,0.341094,0.927678,8.31493,22
41.4722,1.40708,0.514143,1.9848,8.17894,22
41.5889,1.74668,0.398621,2.31315,9.0367,22
41.7056,1.2179,0.326345,1.26269,9.28307,22
41.8222,1.34843,0.26611,1.56386,9.30126,22
41.9389,1.25991,0.426752,1.66127,8.70223,22
42.0556,1.28206,0.51976,1.60243,7.53311,22
42.1722,0.732174,0.238032,0.88746,4.81644,22
42.2889,0.935553,0.364754,0.9488,6.65209,22
42.4056,0.735284,0.339459,0.86598,4.35966,22
42.5222,1.09502,0.606973,1.51119,6.02513,22
42.6389,0.860318,0.33727,1.17598,7.07848,22
42.7556,0.827986,0.323525,0.813649,6.89145,22
42.8722,0.923282,0.214167,0.816334,5.43518,22
42.9889,0.724141,0.370992,0.724065,7.67273,22
43.1056,0.889479,0.239099,0.817588,6.77999,22
43.2222,0.934147,0.271102,1.02256,7.90394,22
43.3389,1.00628,0.331519,1.14925,8.9293,22
43.4556,0.935264,0.385352,1.09712,8.31217,22
43.5722,0.862603,0.347385,0.877386,8.31752,22
43.6889,1.63201,0.852116,2.14551,7.94967,22
43.8056,1.60721,0.705765,2.31132,7.04311,22
43.9222,1.92299,0.56527,2.78409,8.11156,22
44.0389,0.83329,0.257628,0.788991,6.76302,22
44.1556,1.2257,0.434957,1.41933,6.52547,22
44.2722,1.22118,0.46107,1.39439,7.89643,22
44.3889,0.94026,0.34757,1.01384,7.27974,22
44.5056,1.58283,0.731552,1.75176,7.12858,22
44.6222,1.57017,1.0463,1.82408,6.27628,22
44.7389,1.05024,0.591891,1.45602,5.07336,22
44.8556,1.3865,0.430103,1.51069,6.58223,22
44.9722,0.696881,0.31791,0.924384,2.4539,22
45.0889,0.329405,0.212462,0.396717,3.24312,22
45.2056,0.261614,0.138456,0.240279,2.83715,22
45.3222,0.281178,0.177943,0.257864,2.47216,22
45.4389,0.212935,0.109854,0.178157,2.19256,22
45.5556,0.279221,0.188126,0.262335,2.77932,22
45.6722,0.37488,0.209303,0.275332,2.82197,22
45.7889,0.312636,0.109056,0.174922,3.41726,22
45.9056,0.280135,0.179561,0.247225,2.56348,22
46.0222,0.366695,0.182377,0.251228,2.76047,22
46.1389,0.353297,0.163707,0.21695,2.75008,22
46.2556,0.186144,0.106418,0.157713,1.97603,22
46.3722,0.246328,0.120339,0.182013,2.17341,22
46.4889,0.233613,0.152404,0.202197,1.98936,22
46.6056,0.208642,0.134179,0.189343,2.05495,22
46.7222,0.302438,0.225987,0.279842,1.64964,22
46.8389,0.202672,0.124849,0.184649,1.87984,22
46.9556,0.274962,0.209032,0.260753,1.69204,22
47.0722,0.203578,0.1325,0.180033,1.9692,22
47.1889,0.22524,0.136595,0.187858,1.76234,22
47.3056,0.29127,0.192534,0.250522,2.42469,22
47.4222,0.206268,0.120068,0.17832,1.73086,22
47.5389,0.231634,0.149897,0.195721,1.3823,22
47.6556,0.262891,0.159157,0.227539,1.16236,22
47.7722,0.276826,0.144705,0.213163,1.40748,22
47.8889,0.222083,0.104206,0.164259,1.69886,22
48.0056,0.294563,0.14427,0.194717,1.43063,22
48.1222,0.260904,0.113446,0.182741,1.48191,22
48.2389,0.237253,0.152661,0.201636,1.26388,22
48.3556,0.265407,0.127027,0.190224,1.34349,22
48.4722,0.260515,0.190959,0.235015,1.25653,22
48.5889,0.239252,0.143361,0.188431,1.14367,22
48.7056,0.198708,0.116612,0.163997,1.35643,22
48.8222,0.290944,0.236786,0.277816,1.45419,22
48.9389,0.279674,0.199889,0.247912,1.37529,22
49.0556,0.251056,0.183852,0.234486,1.36669,22
49.1722,0.227348,0.146353,0.191301,1.52953,22
49.2889,0.271812,0.170753,0.226911,1.92723,22
49.4056,0.227557,0.116245,0.169219,2.04464,22
49.5222,0.352328,0.163584,0.254574,2.25846,22
49.6389,0.3238,0.173594,0.235451,1.92299,22
49.7556,0.221731,0.146145,0.190709,1.18708,22
49.8722,0.249962,0.158009,0.206885,1.61494,22
49.9889,0.299817,0.207451,0.263211,1.77654,22
50.1056,0.301303,0.135897,0.195941,1.72637,22
50.2222,0.279971,0.173038,0.228222,1.64506,22
50.3389,0.253754,0.151672,0.208689,1.85137,22
50.4556,0.234764,0.14413,0.196214,1.67581,22
50.5722,0.22576,0.111065,0.165679,1.80878,22
50.6889,0.24931,0.135742,0.204906,2.00784,22
50.8056,0.239299,0.142897,0.199057,2.04995,22
50.9222,0.221224,0.144005,0.191928,2.17313,22
51.0389,0.257384,0.169452,0.229356,1.8914,22
51.1556,0.189855,0.110187,0.157372,2.01773,22
51.2722,0.247007,0.165895,0.221274,1.46169,22
51.3889,0.321256,0.221165,0.314903,1.73616,22
51.5056,1.05672,0.514853,1.25326,6.55023,22
51.6222,0.783872,0.358275,1.03253,6.91472,22
51.7389,0.645846,0.23203,0.743833,5.70813,22
51.8556,0.860042,0.289463,0.853832,5.57674,22
51.9722,0.618021,0.291187,0.572167,4.23938,22
52.0889,0.645141,0.287119,0.797788,4.08031,22
52.2056,0.711161,0.264486,0.782247,5.55234,22
52.3222,1.26766,0.408439,1.56352,5.6595,22
52.4389,0.752878,0.451319,0.853516,4.08199,22
52.5556,0.763484,0.427033,0.960092,4.88452,22
52.6722,0.657132,0.254329,0.622484,6.35929,22
52.7889,0.879167,0.288753,1.12073,5.13885,22
52.9056,0.593886,0.27171,0.819062,3.96463,22
53.0222,0.868929,0.437427,0.878556,5.12054,22
53.1389,1.05051,0.469553,1.28615,4.50215,22
53.2556,0.644039,0.369105,0.678595,4.33891,22
53.3722,1.15265,0.341294,1.61721,5.71318,22
53.4889,1.01271,0.386774,1.41049,7.35546,22
53.6056,0.898251,0.379182,1.0355,6.15917,22
53.7222,0.995818,0.427531,1.16771,6.85691,22
53.8389,0.565957,0.286514,0.659971,4.62482,22
53.9556,1.08973,0.374023,1.40288,6.75427,22
54.0722,1.20994,0.422826,1.62072,6.16172,22
54.1889,1.16249,0.357912,1.48448,7.06508,22
54.3056,1.0065,0.334496,1.07877,5.75399,22
54.4222,0.83835,0.230303,0.950863,6.94318,22
54.5389,0.844115,0.361848,1.00798,5.49991,22
54.6556,1.20667,0.645643,1.49638,6.41657,22
54.7722,1.026,0.452601,1.21347,6.89774,22
54.8889,1.01738,0.386736,1.26842,5.48326,22
55.0056,1.19647,0.373799,1.50054,6.58011,22
55.1222,1.63192,0.583071,2.17287,6.24318,22
55.2389,0.446452,0.260563,0.583024,3.49118,22
55.3556,0.714376,0.287498,0.847521,4.31564,22
55.4722,1.77134,0.632865,2.48335,6.78993,22
55.5889,0.692362,0.325149,0.882481,5.33518,22
55.7056,0.274813,0.161237,0.330447,3.8535,22
55.8222,0.443475,0.251136,0.49789,4.06954,22
55.9389,0.675236,0.330972,0.85138,4.10318,22
56.0556,1.07754,0.352821,1.60146,5.41112,22
56.1722,1.27493,0.749989,1.61078,5.01568,22
56.2889,0.936851,0.693784,1.07283,5.23046,22
56.4056,0.87595,0.443826,1.01945,5.72457,22
56.5222,1.2199,0.346923,1.26711,5.88902,22
56.6389,1.08936,0.384786,1.41923,5.1614,22
56.7556,0.448046,0.219388,0.561076,5.88082,22
56.8722,1.03238,0.359726,1.06023,7.52734,22
56.9889,1.01848,0.330626,1.11722,7.32483,22
57.1056,0.811521,0.242936,1.20714,5.46693,22
57.2222,0.539982,0.289251,0.540057,4.26135,22
57.3389,0.633089,0.292425,0.746015,3.99401,22
57.4556,0.845663,0.320309,1.06531,4.29986,22
57.5722,0.831633,0.348425,1.00761,5.60439,22
57.6889,1.03154,0.344322,1.29226,6.58554,22
57.8056,0.887357,0.319816,1.15747,8.18819,22
57.9222,1.11926,0.416049,1.58342,6.16895,22
58.0389,1.0853,0.366405,1.2827,5.90775,22
58.1556,1.17281,0.441448,1.57766,7.4239,22
58.2722,1.47375,0.540306,2.08124,7.14722,22
58.3889,0.836561,0.221515,1.02791,6.29112,22
58.5056,1.69183,0.441017,2.54405,7.45225,22
58.6222,1.03917,0.448772,1.43618,5.69601,22
58.7389,0.952138,0.366807,0.937277,5.58905,22
58.8556,0.850916,0.203246,1.06221,5.58657,22
58.9722,0.934916,0.413332,1.10917,7.58957,22
59.0889,0.727296,0.36169,0.871563,5.02487,22
59.2056,1.04042,0.302094,1.16666,5.33646,22
59.3222,1.12808,0.371727,1.35946,5.68005,22
59.4389,0.912177,0.330641,1.15658,4.92225,22
59.5556,0.635485,0.212976,0.914381,4.68344,22
59.6722,0.865607,0.234405,0.992481,5.55865,22
59.7889,0.883871,0.316173,1.06745,6.01851,22
59.9056,1.0444,0.395019,1.36579,6.46278,22
60.0222,1.12358,0.421232,1.33914,6.82544,22
60.1389,0.673511,0.210166,0.689195,5.79892,22
60.2556,0.8084,0.369207,0.802962,5.6238,22
60.3722,0.636358,0.187356,0.598951,6.08261,22
60.4889,0.861734,0.336327,0.798441,6.66497,22
60.6056,0.756901,0.262548,0.700208,6.28769,22
60.7222,0.743146,0.255371,0.735663,6.17247,22
60.8389,1.06807,0.385103,1.41847,4.58797,22
60.9556,0.997696,0.436259,1.45662,4.54577,22
61.0722,1.46882,0.279672,2.2043,8.22154,22
61.1889,1.31218,0.230273,2.03628,5.5192,22
61.3056,0.745978,0.315076,0.97578,3.67606,22
61.4222,0.356684,0.173642,0.325702,2.35974,22
61.5389,0.43492,0.202418,0.384609,1.94177,22
61.6556,0.404013,0.203381,0.463632,3.18243,22
61.7722,0.9539,0.294456,0.811881,6.26305,22
61.8889,1.18547,0.277395,1.21537,8.0149,22
62.0056,0.785131,0.24677,0.809143,6.12118,22
62.1222,1.03781,0.512872,1.50817,6.14515,22
62.2389,0.585111,0.18544,0.50899,4.48789,22
62.3556,0.259978,0.145454,0.246505,2.53718,22
62.4722,0.253948,0.139627,0.20615,2.02213,22
62.5889,0.275574,0.140077,0.248324,2.66035,22
62.7056,0.295591,0.177996,0.339118,2.63606,22
62.8222,0.291034,0.181725,0.326498,1.98974,22
62.9389,0.226568,0.15023,0.290354,0.938513,22
63.0556,0.225194,0.126644,0.230535,0.827375,22
63.1722,0.210253,0.180741,0.238476,0.576794,22
63.2889,0.178842,0.12748,0.224008,0.763104,22
63.4056,0.178556,0.134307,0.212897,0.8334,22
63.5222,0.20984,0.143445,0.27828,0.759694,22
63.6389,0.172168,0.132856,0.214565,0.553414,22
63.7556,0.242297,0.213643,0.271779,0.441387,22
63.8722,0.108639,0.0830351,0.130444,0.631982,22
63.9889,0.147399,0.117363,0.174412,0.599732,22
64.1056,0.183542,0.148204,0.220164,0.567919,22
64.2222,0.150775,0.116916,0.182463,0.636293,22
64.3389,0.224282,0.197236,0.250672,0.622254,22
64.4556,0.196383,0.174028,0.216381,0.41428,22
64.5722,0.175767,0.147557,0.200837,0.500196,22
64.6889,0.132775,0.106354,0.154614,0.568791,22
64.8056,0.162956,0.133374,0.189925,0.430784,22
64.9222,0.115962,0.0892682,0.137494,0.568573,22
65.0389,0.19482,0.164979,0.225892,0.448938,22
65.1556,0.171494,0.138636,0.201972,0.370154,22
65.2722,0.181212,0.138789,0.215222,0.462622,22
65.3889,0.180975,0.154533,0.203247,0.459919,22
65.5056,0.200626,0.152141,0.243522,0.802832,22
65.6222,0.224394,0.181511,0.265528,0.858452,22
65.7389,0.170858,0.131218,0.206357,0.835248,22
65.8556,0.181371,0.130755,0.227634,0.915234,22
65.9722,0.239904,0.171635,0.308173,0.777963,22
66.0889,0.269316,0.22236,0.320434,0.662423,22
66.2056,0.178271,0.143341,0.210564,0.717058,22
66.3222,0.170855,0.128805,0.210633,0.520279,22
66.4389,0.179438,0.146159,0.206149,0.698676,22
66.5556,0.192764,0.150062,0.232826,0.56413,22
66.6722,0.20019,0.136899,0.259281,0.593981,22
66.7889,0.180553,0.143291,0.211404,0.516088,22
66.9056,0.197314,0.156928,0.237477,0.533892,22
67.0056,1.01515,0.934279,1.09012,0.67157,22
