v,dens
0,0.679087
0.248633,0.914085
0.497266,0.657105
0.745899,0.447809
0.994532,0.301
1.24317,0.210813
1.4918,0.157097
1.74043,0.116315
1.98906,0.0879668
2.2377,0.0741445
2.48633,0.0582498
2.73496,0.0460188
2.9836,0.0379142
3.23223,0.0315119
3.48086,0.0265899
3.7295,0.0230372
3.97813,0.0194289
4.22676,0.0163943
4.47539,0.0146365
4.72403,0.0131006
4.97266,0.0118424
5.22129,0.01014
5.46993,0.00902983
5.71856,0.00782708
5.96719,0.00766055
6.21583,0.00627277
6.46446,0.00488499
6.71309,0.00421885
6.96173,0.0044594
7.21036,0.0233517
7.45899,0.0233517
