t,th0,th1,th2,th3,th4,th5,th6,th7,th8,th9,th10,th11,th12,th13,th14,th15,th16,th17,th18,th19,th20,th21
0,0,0,0,0,0,0,0,0,0,0,0,0,0,0,0,0,0,0,0,0,0,0
0.138889,-0.0902456,0.0420264,0.0464431,-0.0422153,-0.0205193,-0.17048,-0.220115,0.163848,-0.01041,-0.167246,-0.0764225,-0.11426,0.106068,-0.0433056,0.0279439,-0.00860108,-0.100913,0.19825,-0.193095,-0.00509886,0.00939694,0.036555
0.277778,-0.556547,0.0342075,-0.0568092,-0.148081,-0.174372,-0.443797,-0.804081,0.139398,0.0551231,-0.204173,-0.107702,-0.219344,0.251694,-0.432103,0.10203,0.0525811,-0.479278,0.387981,-0.596542,-0.0928208,-0.299158,-0.396069
0.416667,-0.698125,0.0367542,-0.00693025,-0.370178,-0.248976,-0.833522,-1.56624,0.150046,0.263162,-0.251201,-0.542067,-0.329997,0.489461,-0.627025,0.122263,-0.0477394,-0.923917,0.311214,-0.571111,-0.0320828,-0.194769,-0.403675
0.555555,-0.938122,0.0665864,0.311211,-0.263364,-0.0929806,-1.28481,-2.23865,0.213304,0.360658,-0.260638,-0.623292,-0.542836,0.504456,-1.25668,0.102211,-0.223485,-1.33684,-0.110759,-0.675431,0.0140671,-0.101035,-0.387081
0.694445,-0.969431,0.0774106,0.584697,-0.228078,0.12995,-2.09816,-2.81058,0.0519639,0.544114,-0.273507,-0.774461,-0.551244,0.546228,-1.8956,0.0376428,-0.355889,-1.89232,-0.670661,-0.8927,0.0691539,0.222404,-0.401872
0.833333,-0.924586,0.0567514,0.804258,-0.184868,0.153449,-2.79967,-3.48975,-0.336208,0.429106,-0.298494,-0.941878,-0.858789,0.833775,-2.43207,0.0426258,-0.00945053,-2.27871,-1.04991,-1.40476,0.0103358,0.270752,-0.405111
0.972222,-0.843836,0.0254307,0.664519,9.72436e-06,0.465869,-3.47092,-4.14192,-0.637733,0.406439,-0.316517,-0.959308,-1.08484,0.964325,-2.86419,0.0364433,-0.146981,-2.60466,-0.890583,-1.64395,-0.148516,0.212758,-0.414728
1.11111,-0.959939,0.015513,0.708572,0.380689,0.506461,-4.10664,-4.80881,-1.03014,0.286939,-0.348808,-0.908656,-1.51535,1.13144,-3.23528,0.00565083,-0.14427,-2.83356,-0.915503,-1.64321,-0.187053,0.470697,-0.441772
1.25,-1.00677,0.00746478,0.686758,0.934986,0.598217,-4.80611,-5.35622,-1.48322,0.253114,-0.398967,-0.843517,-1.79858,1.25012,-3.71797,-0.00295419,-0.0938606,-3.09844,-0.895181,-1.71132,-0.122023,0.605611,-0.485386
1.38889,-1.01275,0.0542486,0.603919,0.9475,0.451375,-5.19158,-5.87419,-1.62722,-0.0605722,-0.442806,-0.9347,-1.85788,1.23194,-3.95706,0.000344111,-0.219364,-3.02619,-0.895439,-1.8654,-0.0985331,0.663117,-0.457214
1.52778,-0.965417,0.0790533,0.727519,0.952183,0.447389,-5.62239,-6.30633,-1.68162,-0.426633,-0.45915,-0.874244,-1.87542,1.34394,-4.20542,-0.0211558,-0.163361,-2.93733,-0.857981,-2.02497,-0.13865,0.669,-0.460061
1.66667,-0.981875,0.0178025,0.815306,1.39444,0.617731,-5.86383,-7.03731,-2.11459,-0.761594,-0.468492,-0.880678,-1.8652,1.48517,-4.85056,-0.0367392,-0.20207,-2.98919,-0.862864,-2.37451,-0.0233378,0.801394,-0.468408
1.80555,-0.965903,0.0835814,0.763031,1.80226,0.9276,-6.0335,-7.58497,-2.40521,-1.11319,-0.490219,-0.934181,-1.88587,1.4098,-5.07286,-0.0896883,-0.173351,-3.03467,-1.04701,-2.64668,-0.00302481,0.702653,-0.488639
1.94445,-0.918489,0.0107224,0.808267,2.41653,1.30816,-5.91292,-8.10547,-2.73537,-1.54158,-0.48495,-1.09623,-1.8787,1.34772,-4.95547,-0.0706733,-0.277487,-2.94781,-0.9927,-2.73242,0.0187609,0.659289,-0.490194
2.08333,-0.952897,-0.00412683,0.781567,2.44338,1.61993,-5.88017,-8.55736,-2.99358,-1.79069,-0.479089,-1.2788,-1.81134,1.41215,-4.99253,-0.0542614,-0.429844,-2.91372,-1.17849,-2.84936,0.0107949,0.786392,-0.507197
2.22222,-1.09458,-0.0456478,0.779208,2.59303,1.9448,-5.88272,-9.11586,-3.24808,-1.84994,-0.612664,-1.41988,-1.83741,1.4344,-5.08867,-0.0818525,-0.526508,-3.06603,-1.33002,-3.41933,0.0355756,0.809892,-0.569186
2.36112,-1.11978,0.0181648,0.698608,3.13722,2.52453,-6.18058,-9.85944,-3.55447,-1.80116,-0.621011,-1.5204,-1.7805,1.66399,-5.66372,-0.0560792,-0.442825,-3.08428,-1.35016,-3.65967,-0.0433475,0.892286,-0.596258
2.5,-1.0902,0.0471806,0.498828,3.38472,2.91617,-6.41014,-10.1555,-3.88217,-1.61166,-0.815994,-1.46623,-1.78561,1.84359,-6.10958,0.000612661,-0.492678,-3.22819,-1.72632,-3.86872,0.539997,0.659522,-0.753814
2.63888,-1.28649,0.0277351,0.522975,3.69619,3.281,-6.54169,-10.7268,-4.09247,-1.51118,-0.72695,-1.43477,-1.94391,2.18166,-6.54006,0.0546364,-0.612789,-3.52986,-2.13682,-4.26417,0.728739,0.736528,-0.842767
2.77778,-1.53037,0.0726286,0.477786,4.51003,3.41494,-6.62814,-11.2221,-3.96264,-1.48081,-0.736411,-1.05486,-1.94916,2.22672,-6.87922,0.241866,-0.798503,-3.82864,-2.38628,-4.72486,0.970133,0.873717,-0.823103
2.91667,-1.76589,0.0661947,0.44535,5.40128,3.48403,-6.68711,-11.8788,-3.92164,-1.58867,-0.612356,-1.12688,-1.95742,2.15544,-7.15208,0.3723,-0.805192,-4.16708,-2.55102,-5.22947,0.960617,0.836617,-0.818158
3.05555,-2.07391,-0.0136611,0.479689,5.94375,3.42236,-6.69967,-12.7055,-3.91506,-1.66754,-0.575456,-1.08362,-1.95996,2.17106,-7.69878,0.492458,-0.889597,-4.68675,-2.56576,-5.60142,0.944811,0.959006,-0.812258
3.19445,-2.26247,0.0234399,0.44265,6.33064,3.37828,-6.75247,-13.3243,-3.84928,-1.96116,-0.666364,-1.06102,-1.94522,2.13587,-8.10644,0.636889,-0.893447,-4.86067,-2.58744,-5.80358,0.937756,1.04376,-0.829789
3.33333,-2.37794,0.022102,0.416797,6.54019,3.41144,-6.80753,-14.1898,-3.89717,-2.19889,-0.635481,-1.18766,-1.93322,2.23128,-8.52189,0.792658,-0.839814,-4.89725,-2.72972,-6.29294,0.926592,1.15795,-0.838131
3.47222,-2.64986,0.0319586,0.546747,7.14806,3.31394,-6.96044,-14.6686,-3.86842,-2.47618,-0.720753,-1.21889,-1.93738,2.28673,-8.89611,0.980425,-0.867583,-4.84867,-2.70622,-6.55353,1.00389,1.15901,-0.855597
3.61112,-2.90525,-0.000966933,0.412367,7.39606,3.50364,-6.73894,-15.2955,-3.91319,-2.90311,-0.644889,-1.06644,-1.96101,2.07023,-9.15339,1.19692,-0.842889,-4.93339,-3.029,-6.78311,0.986964,1.11439,-0.852067
3.75,-2.99956,-0.0790769,0.395303,7.53133,3.59658,-6.73786,-16.1928,-3.95794,-3.18194,-0.571061,-1.05375,-1.94403,2.22567,-9.63369,1.21836,-0.663569,-4.92767,-3.43308,-7.26658,0.846514,1.16116,-0.874425
3.88888,-3.11375,-0.0875353,0.461722,7.55514,3.53042,-6.97561,-16.7273,-3.86097,-3.51139,-0.748311,-1.16154,-1.96956,2.04226,-9.95581,1.3329,-0.537678,-4.86281,-3.83772,-7.52856,0.992383,1.20315,-0.862739
4.02778,-3.14186,-0.0872758,0.269629,7.28739,4.42753,-6.70986,-17.4014,-4.00317,-3.85783,-0.611422,-0.940758,-1.93533,1.96775,-10.3145,1.51493,-0.622856,-4.89458,-3.77861,-7.75272,1.08127,1.01769,-0.856722
4.16667,-3.43797,-0.177779,0.179489,7.12472,5.11644,-6.89961,-18.0279,-4.07194,-4.05067,-0.610908,-0.969658,-1.85596,2.04378,-10.7773,1.58947,-0.370153,-4.86758,-3.96511,-7.93378,0.8446,0.572703,-0.870564
4.30555,-3.56244,-0.115482,0.138298,7.33844,5.85703,-6.95458,-18.7206,-4.06647,-4.18242,-0.595886,-1.13615,-1.8635,1.97583,-11.334,1.59969,-0.504597,-4.87617,-4.33417,-7.87908,0.760269,0.539575,-0.785094
4.44445,-3.69367,-0.125313,-0.0964658,7.40572,6.25656,-6.89406,-19.4984,-4.06906,-4.29211,-0.622908,-1.24624,-1.86623,2.104,-11.7533,1.61071,-0.574489,-4.86767,-4.78378,-7.87069,0.779108,0.511136,-0.777081
4.58333,-4.1195,-0.0853947,-0.376736,7.57942,6.45656,-6.7755,-20.2979,-4.00108,-4.38369,-0.722814,-1.43651,-1.86808,2.03181,-12.3803,1.61417,-0.698847,-4.87919,-5.11689,-7.96469,0.847867,0.401642,-0.707356
4.72222,-4.42039,-0.199266,-0.513,7.54383,6.885,-6.88186,-20.874,-3.93881,-4.39056,-0.758867,-1.60854,-1.86648,2.06446,-12.9447,1.61774,-0.474986,-4.90667,-5.79869,-8.23872,0.925442,-0.00693569,-0.690136
4.86112,-4.71308,-0.361772,-0.621428,7.37431,6.99072,-6.87639,-21.1721,-3.93414,-4.36494,-0.680964,-1.72202,-1.88408,2.14656,-13.4948,1.64764,-0.561939,-4.77333,-5.91667,-8.56208,1.06124,-0.386514,-0.790597
5,-4.88778,-0.568358,-0.73585,7.25428,7.39958,-7.01933,-21.4939,-3.94164,-4.15367,-0.527403,-1.89111,-1.88581,2.06476,-14.0713,1.67445,-0.679156,-4.96933,-6.06408,-8.75708,1.07017,-0.563525,-0.823853
5.13888,-5.11225,-0.628489,-0.495794,7.21836,7.703,-7.12203,-21.6521,-3.88644,-4.07069,-0.531003,-1.96032,-1.87932,1.97727,-14.9047,1.67367,-0.800894,-5.08872,-5.92608,-9.06697,1.015,-0.583958,-0.821631
5.27778,-5.25842,-0.696031,-0.671764,7.42064,7.88986,-7.12508,-22.0033,-3.84394,-3.94275,-0.567292,-1.94196,-1.88311,2.02243,-15.7741,1.65418,-0.885017,-5.22456,-6.02178,-9.30008,1.00934,-0.692192,-0.798686
5.41667,-5.82367,-0.665711,-0.911822,7.47572,7.92833,-7.21383,-22.0827,-3.88544,-3.65481,-0.6622,-1.73493,-1.88764,1.98549,-16.5599,1.64979,-1.18422,-5.64842,-5.99669,-9.60678,1.01417,-0.772714,-0.930117
5.55555,-6.48611,-0.701869,-0.92165,7.37081,8.39822,-7.30064,-22.669,-3.89758,-3.29775,-0.661936,-2.00675,-1.88093,1.77598,-17.3704,1.66596,-1.10175,-6.28431,-5.95433,-10.0761,1.10489,-0.890314,-0.961053
5.69445,-6.72397,-1.06588,-0.777856,7.5435,9.02181,-7.23772,-22.8693,-4.00725,-3.20728,-0.66525,-2.38752,-1.88498,1.43666,-17.7423,1.68491,-0.704658,-6.72097,-6.03861,-10.7297,1.32208,-1.18555,-1.02152
5.83333,-6.82742,-1.23602,-0.827731,7.65478,9.64639,-7.37031,-23.4814,-4.09544,-3.43442,-0.626839,-2.73506,-1.86109,1.40791,-18.3847,1.68245,-0.208275,-7.20311,-6.04836,-11.341,1.64123,-1.58913,-0.989961
5.97222,-6.82978,-1.60819,-0.637567,7.60078,10.1802,-7.69764,-24.0548,-4.08314,-3.57756,-0.701969,-3.14072,-1.88052,1.41938,-19.0746,1.70577,-0.0642783,-7.32383,-6.219,-11.8946,1.84678,-2.13207,-0.894711
6.11112,-6.94147,-2.06871,-0.479894,7.53011,10.7607,-7.77306,-24.5271,-4.05131,-3.62533,-0.803778,-3.00661,-1.89862,1.55935,-19.7474,1.73477,-0.302522,-7.56208,-6.34928,-12.1471,1.81241,-2.28853,-0.864608
6.25,-7.13703,-2.49909,-0.171946,7.60261,11.484,-7.86114,-25.1348,-4.11572,-3.59342,-0.762142,-2.88953,-1.89678,1.77266,-20.5488,1.77528,-0.279408,-7.61969,-6.461,-12.5643,1.93374,-2.22953,-0.846342
6.38888,-7.22594,-2.94611,-0.128402,7.63233,11.7231,-7.84061,-25.3125,-4.028,-3.68269,-0.717392,-2.58567,-1.90182,1.82703,-20.8799,1.81653,-0.188326,-7.39169,-6.48944,-12.7466,1.7761,-2.23332,-1.03601
6.52778,-7.23094,-3.40644,-0.00931511,7.74072,11.8107,-7.86394,-25.3366,-3.93636,-4.289,-0.85875,-2.09483,-1.88873,2.08458,-20.8895,1.80735,-0.147246,-7.56875,-6.42625,-13.1089,1.79043,-2.27704,-1.14733
6.66667,-7.18867,-3.88236,0.03014,7.74033,12.2064,-7.88803,-25.6786,-3.90675,-4.51244,-1.04633,-1.76998,-1.87821,2.12011,-21.0886,1.82246,-0.119351,-7.51922,-6.394,-13.5971,1.83189,-2.4361,-1.12863
6.80555,-7.08597,-3.80356,0.269854,7.78522,13.001,-8.15436,-25.9874,-3.89047,-4.70517,-1.24041,-1.71462,-1.88274,2.33269,-21.2306,1.82554,-0.3051,-7.66769,-6.35756,-14.1943,1.82175,-2.86842,-1.09235
6.94445,-7.05614,-3.7015,0.329986,7.51661,13.0977,-8.29511,-26.8221,-3.92372,-4.79267,-0.808581,-1.79041,-1.84459,2.47747,-21.8222,1.84234,-0.176016,-8.00192,-6.42092,-14.4602,1.81381,-3.13467,-1.10163
7.08333,-7.09569,-3.98217,0.381156,7.65917,12.966,-8.32786,-27.4471,-3.90283,-4.78994,-0.674664,-2.02642,-1.72772,2.36216,-22.3837,1.87568,-0.135101,-8.14114,-6.43781,-14.831,1.79762,-3.18058,-1.12027
7.22222,-7.16508,-4.12017,0.481875,7.55869,12.9654,-8.26614,-28.1603,-3.93117,-4.68117,-0.678331,-2.46245,-1.79571,2.31935,-22.9071,1.89884,0.0313844,-8.45211,-6.32836,-15.2292,1.81015,-3.27017,-1.13162
7.36112,-7.17639,-4.20606,0.4835,7.50969,12.943,-8.22508,-28.7461,-3.86778,-4.67542,-0.672978,-2.70229,-1.79914,2.26312,-23.056,1.89816,-0.0843936,-8.6675,-6.29461,-15.5139,1.86115,-3.28508,-1.08254
7.5,-7.16408,-4.50042,0.442594,7.78019,12.889,-8.29517,-29.115,-3.91356,-4.50061,-0.603939,-3.16389,-1.76758,2.26696,-23.2071,1.91562,-0.269127,-8.57908,-6.25406,-15.6701,1.99008,-3.16875,-1.03359
7.63888,-7.09169,-4.78775,0.387183,7.90953,13.1388,-8.2795,-29.6497,-3.92006,-4.50656,-0.5868,-3.15364,-1.76659,2.22318,-23.8484,1.94096,-0.333631,-8.38564,-6.22542,-15.8053,2.00797,-3.00872,-0.919383
7.77778,-7.12106,-5.24089,0.420642,8.02244,13.1097,-8.32231,-29.9889,-3.87697,-4.46311,-0.597364,-3.502,-1.71712,2.21894,-24.4842,1.93917,-0.268746,-8.33597,-6.23356,-16.1983,2.20938,-2.96475,-0.861689
7.91667,-7.06758,-5.47553,0.332878,7.99517,13.1438,-8.26475,-30.9272,-3.86781,-4.55033,-0.4726,-3.46419,-1.77448,2.38835,-24.8146,1.94027,-0.241173,-8.34678,-6.33328,-16.5147,2.36811,-2.93378,-0.803414
8.05555,-7.13203,-5.60158,0.439611,8.157,13.1164,-8.51244,-31.5828,-3.80089,-5.0575,-0.221057,-3.35706,-1.79131,2.36544,-25.2436,1.96024,-0.233509,-8.34678,-6.36917,-16.9124,2.57943,-2.90375,-0.756933
8.19445,-6.98833,-5.74181,0.2937,8.51814,13.0634,-8.59194,-31.6775,-3.82447,-5.09867,0.0958944,-3.12039,-1.80058,2.34008,-25.2399,1.99436,-0.522197,-8.44542,-6.38747,-17.1836,2.72578,-2.98731,-0.706256
8.33333,-6.69014,-5.93303,-0.0347667,8.28456,12.9442,-8.82781,-32.0881,-3.80706,-5.09089,0.0746686,-2.92908,-1.89207,2.50355,-25.2674,2.04208,-0.45275,-8.50517,-6.47375,-17.471,2.782,-3.02339,-0.731967
8.47222,-6.83903,-5.94528,-0.0798931,8.03425,13.0066,-8.87428,-32.5364,-3.79622,-4.8005,0.155063,-2.96564,-1.92544,2.21968,-25.3163,2.07221,-0.187754,-8.5365,-6.61078,-17.8562,2.87536,-3.28217,-0.725747
8.61112,-6.90508,-6.00542,-0.0868842,8.07919,13.1949,-8.93472,-32.9053,-3.83533,-4.50914,0.391458,-3.05097,-1.95979,2.08984,-25.542,2.13084,-0.159073,-8.56892,-6.81072,-18.3657,2.90483,-3.30889,-0.744297
8.75,-6.85661,-6.27761,0.0354492,8.20775,13.6738,-9.16133,-33.2519,-3.87469,-4.57056,0.295633,-3.26136,-1.94964,2.11506,-25.9689,2.14474,-0.229193,-8.68764,-6.98375,-18.7922,2.80117,-3.47722,-0.726419
8.88888,-6.81475,-6.90239,-0.064165,8.01356,14.0865,-9.36053,-33.5894,-3.86978,-4.48,0.421039,-3.3115,-2.01016,2.0506,-26.4376,2.14756,-0.594519,-8.48489,-7.28406,-18.9276,2.80192,-3.64233,-0.724517
9.02778,-6.78464,-7.67425,0.161777,8.08686,14.543,-9.36753,-34.3292,-3.91703,-4.34056,0.356314,-3.57844,-2.04901,2.13104,-26.6739,2.18469,-0.819925,-8.54622,-7.42425,-19.2571,2.78139,-3.96411,-0.724639
9.16667,-6.94036,-8.17592,-0.0195114,8.11825,15.0103,-9.32539,-34.7481,-3.84289,-4.30978,0.222713,-3.53692,-2.03283,2.1159,-26.5965,2.21464,-1.16317,-8.75553,-7.30044,-19.639,2.77739,-4.27469,-0.733758
9.30555,-6.78106,-8.77928,0.0045825,7.95672,15.2661,-9.44533,-35.2056,-3.79072,-4.24969,0.182966,-3.5495,-2.04883,1.97354,-26.5174,2.23121,-1.47984,-8.87356,-7.30953,-19.8986,2.83778,-4.65528,-0.810942
9.44445,-6.71081,-9.16661,-0.147506,8.05128,15.7671,-9.43997,-35.5361,-3.81669,-4.24028,0.168785,-3.48811,-2.05912,1.86201,-26.6191,2.24088,-1.58033,-8.93256,-7.26611,-19.8411,2.77738,-5.03078,-0.81065
9.58333,-6.70439,-9.83708,-0.172139,8.04167,16.5616,-9.34306,-36.0981,-3.76942,-4.13122,0.163812,-3.50294,-2.03872,1.6101,-26.9506,2.24945,-2.037,-9.09567,-7.39089,-20.261,2.75532,-5.44525,-0.730036
9.72222,-6.79797,-10.1553,-0.173518,8.43642,16.9656,-9.46906,-36.54,-3.74289,-4.13925,0.148359,-3.76842,-2.06094,1.45441,-27.286,2.27351,-2.75488,-9.32422,-7.634,-20.5416,2.77819,-5.57358,-0.789119
9.86112,-6.84339,-9.98989,-0.555786,8.65561,17.3223,-9.43942,-36.8811,-3.82742,-4.23383,0.150624,-3.89633,-2.04358,1.22835,-27.421,2.30334,-3.27522,-9.33319,-7.63942,-20.5172,2.79211,-5.78364,-0.776572
10,-6.95381,-10.2762,-0.567497,9.0825,17.7758,-9.44228,-37.4564,-3.83575,-4.17208,0.137074,-4.07283,-2.04268,1.12989,-27.6759,2.40619,-3.29717,-9.486,-7.66911,-20.9928,2.82022,-6.017,-0.802094
10.1389,-7.20067,-10.6975,-0.4306,8.93717,18.2179,-9.394,-38.2133,-3.84108,-3.99261,0.368075,-4.22661,-1.95972,0.975586,-28.2639,2.49514,-3.91292,-9.69006,-7.65075,-21.565,2.88014,-6.08883,-0.841167
10.2778,-7.33747,-11.1896,-0.202742,9.02228,18.6763,-9.42806,-38.8389,-3.91131,-4.03125,0.4627,-4.47678,-1.96941,0.788619,-28.6953,2.59695,-4.03519,-9.51936,-7.64569,-21.9202,2.7477,-6.29303,-0.891269
10.4167,-7.20622,-11.1461,0.00516608,8.95217,19.0646,-9.93272,-39.2264,-3.93914,-4.00608,0.851117,-4.96853,-1.95789,0.822125,-29.2456,2.67872,-4.35969,-9.567,-7.65256,-22.4808,2.73076,-6.60019,-0.849881
10.5556,-7.22631,-11.5427,-0.098,9.00486,19.5443,-10.1379,-39.4842,-3.87422,-3.88939,0.979619,-5.19883,-1.95529,0.983181,-29.9819,2.73983,-4.31783,-9.39797,-7.64533,-22.873,2.7086,-6.90403,-0.842514
10.6944,-7.36786,-11.8156,-0.0728503,9.05592,20.1843,-10.4709,-39.8606,-3.94064,-3.72981,0.963256,-5.15811,-1.97731,0.835117,-30.6044,2.89383,-4.73203,-9.46197,-7.66753,-22.9745,2.77021,-7.12708,-1.00167
10.8333,-7.37314,-12.5247,0.0518389,9.11908,20.9223,-10.5356,-40.3767,-3.96106,-3.64822,0.767703,-5.19331,-1.91679,0.801519,-30.6906,2.97419,-5.09719,-9.70486,-7.65456,-23.4506,2.62701,-7.29417,-1.09067
10.9722,-7.30603,-12.5811,0.131105,9.09658,20.7788,-10.5554,-41.0758,-3.99267,-3.63267,0.648878,-5.39897,-2.00465,1.04309,-30.6881,3.04953,-5.56417,-9.73389,-7.57042,-23.5556,2.65,-7.30358,-1.16959
11.1111,-7.429,-12.9198,0.766122,8.89692,20.9628,-10.6324,-41.8772,-4.00089,-3.63208,0.653328,-5.54181,-2.00161,1.09338,-30.9619,3.08975,-6.31394,-9.66567,-7.55039,-23.7266,2.76698,-7.34147,-1.26641
11.25,-7.34375,-12.9638,0.972069,8.70725,21.006,-11.0353,-42.6311,-4.00328,-3.48294,0.808239,-5.53014,-1.99435,1.16893,-31.6756,3.10011,-6.69108,-9.47197,-7.57647,-24.2829,2.80106,-7.63361,-1.32834
11.3889,-7.47636,-13.5356,1.08618,8.54114,21.8359,-11.4172,-43.2369,-3.94931,-3.33692,0.886747,-5.77119,-1.99846,1.07192,-32.2264,3.1535,-7.10442,-9.48758,-7.58089,-24.8574,2.91964,-7.76325,-1.32584
11.5278,-7.48303,-13.6584,1.15155,8.70131,22.489,-11.5415,-43.5839,-3.91264,-3.27461,1.15561,-6.07728,-1.99013,0.808256,-32.8622,3.2065,-7.45314,-9.42906,-7.57631,-25.1439,3.11669,-7.95869,-1.44273
11.6667,-7.49914,-13.9468,1.47156,8.72747,23.5155,-11.547,-44.09,-3.90056,-3.23494,1.17112,-5.99942,-2.02464,0.536269,-33.6042,3.20894,-7.58881,-9.52744,-7.49381,-25.344,3.18219,-7.9635,-1.52171
11.8056,-7.5,-13.9766,1.74549,8.13908,23.8708,-11.4757,-44.4133,-3.87439,-3.24808,1.14761,-5.79481,-2.02628,0.443797,-34.2483,3.21164,-7.5565,-9.47294,-7.59042,-25.5675,3.46036,-8.23425,-1.48709
11.9444,-7.60931,-14.1269,1.59906,8.16489,24.0611,-11.6041,-44.9619,-3.87353,-3.24358,1.26801,-5.539,-2.072,0.282419,-34.7233,3.24931,-7.62892,-9.40542,-7.63586,-26.0286,3.57508,-8.41661,-1.51813
12.0833,-7.88344,-14.5585,1.85032,7.95511,24.2999,-11.8412,-45.2758,-3.84211,-3.23539,1.2979,-5.66311,-2.03221,0.262588,-35.2761,3.34442,-7.49594,-9.57858,-7.65303,-26.4104,3.60972,-8.62344,-1.66248
12.2222,-8.13911,-14.7273,1.94701,7.99122,24.9169,-12.0419,-45.4278,-3.82961,-3.21578,1.22778,-5.73939,-1.91817,0.289536,-35.8097,3.38169,-7.49225,-9.57428,-7.64369,-26.7843,3.77803,-8.70386,-1.77311
12.3611,-8.14169,-14.8873,1.96639,7.76722,25.1524,-12.4034,-45.7444,-3.79611,-3.21661,1.21888,-5.84247,-1.85961,0.153051,-36.3531,3.42306,-7.38219,-9.47386,-7.66278,-27.1701,3.85586,-8.77744,-1.89051
12.5,-8.04781,-15.2107,1.97925,7.73039,25.1017,-12.4309,-45.6408,-3.80033,-3.21069,1.15172,-5.84753,-1.95908,0.232382,-37.2317,3.47336,-7.27125,-9.48422,-7.64489,-27.5394,3.7735,-8.81989,-1.93268
12.6389,-7.94056,-15.5747,2.13513,7.38861,25.4563,-12.6247,-46.0225,-3.76628,-3.14661,1.07716,-5.95517,-1.96147,0.306778,-37.8442,3.53792,-7.27339,-9.46686,-7.64044,-27.6176,3.95592,-8.71219,-1.92395
12.7778,-8.24842,-16.1354,2.28087,7.05914,25.8769,-12.8377,-46.5717,-3.61542,-3.1955,1.16083,-6.00547,-1.88193,0.189295,-38.3394,3.60072,-7.50731,-9.60475,-7.60919,-28.0097,4.14611,-8.73619,-2.05695
12.9167,-8.38942,-16.7322,2.40736,6.83228,25.9148,-13.0041,-47.3114,-3.69247,-3.30239,1.19943,-6.07942,-1.84655,0.527956,-38.9925,3.64528,-7.67289,-9.57964,-7.60969,-28.3478,4.447,-8.77161,-2.02895
13.0556,-8.66578,-17.0097,2.54113,6.71628,25.9609,-13.3463,-48.0667,-3.61158,-3.30292,1.36152,-6.08483,-1.83479,0.544572,-39.4131,3.72914,-8.01525,-9.62717,-7.59436,-28.9753,4.51606,-8.95019,-2.20711
13.1944,-8.9475,-17.588,2.57198,6.3585,26.1561,-13.3826,-48.5983,-3.67653,-3.31175,1.32356,-6.05872,-1.86376,0.621778,-39.7308,3.75389,-8.43397,-9.83031,-7.5935,-28.9089,4.44017,-8.67589,-2.36177
13.3333,-9.20483,-18.1991,2.69422,6.23572,26.289,-13.4002,-48.6008,-3.67761,-3.38453,1.34374,-6.14967,-1.86262,0.79555,-40.3314,3.82306,-8.66103,-9.93122,-7.62317,-29.1531,4.45289,-8.80519,-2.44552
13.4722,-9.37111,-18.6552,2.99933,6.17494,26.3119,-13.3843,-48.7958,-3.67086,-3.41103,1.37072,-6.10144,-1.87792,0.755064,-40.4983,3.84706,-8.70494,-10.2299,-7.98456,-29.7339,4.57042,-8.88978,-2.45737
13.6111,-9.58706,-18.7076,3.268,6.07606,26.5771,-13.4255,-49.1542,-3.69872,-3.40411,1.18871,-6.39833,-1.87467,0.442017,-41.0536,3.87164,-8.85175,-10.5314,-8.11517,-29.8636,4.55339,-9.10211,-2.36107
13.75,-9.92131,-19.2506,3.39439,5.59772,26.7657,-13.4107,-49.7,-3.51086,-3.36597,1.24323,-6.55314,-1.88377,0.455853,-41.4722,3.87125,-8.95931,-10.9848,-8.11817,-29.965,4.48472,-9.26172,-2.22915
13.8889,-10.0014,-19.9212,3.55997,4.83514,26.9417,-13.3384,-50.0236,-3.57036,-3.36436,1.40522,-6.59817,-1.87041,0.619042,-41.6711,3.87294,-9.07181,-11.4479,-8.13042,-30.2564,4.45717,-9.24922,-2.19245
14.0278,-10.0686,-20.5069,3.87578,4.40181,27.0452,-13.2825,-50.8783,-3.57914,-3.37283,1.96804,-6.57542,-1.96335,0.615506,-41.7936,3.87394,-9.52203,-11.7261,-8.19042,-30.7406,4.44539,-9.11494,-2.1716
14.1667,-10.0071,-20.6482,4.03147,4.195,27.5169,-13.4615,-51.0414,-3.53642,-3.33089,2.00058,-6.67753,-1.96835,0.457833,-42.0642,3.88333,-9.51567,-12.0117,-8.26722,-30.9222,4.53747,-9.09556,-2.24792
14.3056,-9.96914,-20.5649,4.02961,4.25303,27.5451,-13.6873,-50.8297,-3.57044,-3.24194,1.90465,-6.89058,-1.96891,0.868967,-42.1117,3.87811,-9.51744,-12.3662,-8.28092,-31.2589,4.58956,-9.11736,-2.31228
14.4444,-9.97842,-20.7646,3.95725,4.2965,27.8581,-13.9686,-50.8383,-3.53514,-3.15456,2.09267,-7.25106,-1.97191,0.851867,-42.2408,3.88547,-9.40297,-12.5854,-8.23147,-31.8683,4.79142,-9.08839,-2.20954
14.5833,-10.0835,-21.2102,3.76936,4.16394,27.8469,-14.0292,-51.23,-3.61225,-3.13164,2.33951,-7.22692,-1.99919,1.05688,-42.6575,3.91406,-9.58081,-12.8063,-8.26986,-32.4411,4.83817,-9.17156,-1.98929
14.7222,-10.0565,-21.2971,3.42344,4.18903,27.7903,-14.0407,-51.5475,-3.67058,-3.01897,2.27729,-6.99686,-2.00575,0.786469,-43.1175,3.91486,-10.1717,-13.2251,-8.34575,-32.3711,4.77267,-9.13575,-1.59705
14.8611,-10.011,-21.3522,3.41939,4.16169,27.7783,-14.0554,-51.8322,-3.612,-2.77364,2.52773,-7.35431,-1.99782,0.994678,-43.3786,3.93814,-10.6341,-13.5994,-8.33967,-32.6211,4.69228,-9.29794,-1.33362
15,-9.77172,-21.4593,3.37364,3.62736,27.8169,-14.149,-52.2372,-3.66114,-2.74361,2.59081,-7.45661,-2.01336,0.956353,-43.9764,3.96397,-10.5834,-13.7423,-8.42442,-33.1369,4.68425,-9.30822,-1.03047
15.1389,-9.74867,-21.4856,3.56669,3.30317,27.9819,-14.1766,-52.5947,-3.6275,-2.52996,2.6795,-7.51164,-2.00233,0.731822,-44.6261,3.97494,-11.4068,-14.1111,-8.61044,-33.6756,4.54783,-9.33925,-0.836233
15.2778,-9.77086,-21.5082,3.82347,2.49213,28.45,-14.2934,-53.3114,-3.64172,-2.4386,3.08122,-7.542,-2.00534,0.622869,-45.0689,4.00481,-11.6237,-14.3851,-8.67072,-34.1008,4.47753,-9.06683,-0.853511
15.4167,-9.9305,-21.3658,4.07181,2.05912,28.77,-14.4981,-53.9319,-3.55694,-2.38749,3.41094,-7.99408,-2.00768,0.650608,-45.2403,4.03508,-11.7291,-14.7177,-8.67144,-34.1644,4.4795,-9.18028,-0.846689
15.5556,-9.97961,-21.1766,3.93683,1.63398,28.7028,-14.5859,-54.455,-3.47575,-2.38219,3.6425,-7.97903,-2.01774,0.865844,-45.6181,4.05317,-11.8481,-15.1388,-8.68617,-34.5325,4.59297,-9.40008,-0.790117
15.6944,-10.0652,-21.2908,3.93233,1.59763,28.9797,-14.7314,-54.9742,-3.659,-2.30175,4.036,-7.98086,-2.03319,0.771753,-45.7097,4.08761,-12.6358,-15.5362,-8.75275,-34.9728,4.61656,-9.23953,-0.665017
15.8333,-9.98939,-21.3001,3.49878,1.13481,29.1222,-15.2145,-55.4842,-3.60661,-2.32043,4.26372,-7.902,-2.08933,0.637939,-46.3667,4.16117,-12.6713,-15.6418,-9.05264,-35.17,4.83286,-9.28044,-0.64955
15.9722,-9.82922,-21.562,3.50989,0.352428,29.9122,-15.6734,-55.8903,-3.67139,-2.24283,4.56856,-8.04636,-2.10138,0.734769,-46.6628,4.21022,-13.5392,-15.7201,-9.30428,-35.4764,4.71653,-9.41086,-0.388719
16.1111,-9.70417,-21.5977,3.43994,-0.150781,30.3069,-16.1686,-55.9322,-3.65336,-1.95204,4.58694,-8.17558,-2.10573,0.418931,-47.2447,4.29081,-14.0453,-15.7745,-9.51856,-35.8369,4.73175,-9.52536,-0.188802
16.25,-9.91194,-21.6017,3.37114,-0.750639,30.8297,-16.7621,-56.1403,-3.73789,-1.76742,4.81661,-8.14258,-2.11994,0.382553,-47.6997,4.40375,-14.2603,-16.0021,-9.72128,-36.0869,4.75206,-9.46022,0.0503633
16.3889,-9.92128,-21.5656,3.62956,-1.33983,31.0053,-16.8801,-56.245,-3.82075,-1.61944,4.90247,-8.21258,-2.11439,0.431919,-47.8431,4.54108,-14.3148,-16.4019,-10.0937,-36.6269,4.77831,-9.13344,0.137654
16.5278,-9.92264,-21.5176,3.69511,-1.48379,31.9961,-17.35,-56.5506,-3.85689,-1.58962,5.21739,-8.70311,-2.06833,0.519156,-48.68,4.61919,-14.6637,-16.6234,-10.4614,-37.2478,4.95081,-9.04842,0.153168
16.6667,-9.94147,-21.7335,3.53103,-1.69003,32.0769,-17.4318,-56.825,-3.89825,-1.44378,5.31406,-9.07503,-2.0734,0.568556,-49.4536,4.66972,-14.6251,-16.6435,-10.523,-37.8714,4.85936,-9.01839,0.126684
16.8055,-9.93867,-22.0182,3.44842,-2.06876,32.4608,-17.4176,-57.28,-3.98697,-1.36861,5.55394,-9.32161,-2.07712,0.561139,-50.0331,4.72358,-14.69,-16.6443,-10.6553,-38.4822,4.84728,-9.04292,0.0689842
16.9445,-9.99811,-22.2037,3.70153,-1.87665,32.8919,-17.7013,-57.6933,-4.00656,-1.25694,5.71844,-9.57569,-2.11108,0.573731,-50.4833,4.74906,-15.5741,-16.6362,-10.7829,-38.9739,4.97894,-9.07958,0.276571
17.0833,-10.0328,-22.447,3.78283,-1.8891,33.3203,-17.6904,-57.7833,-4.20886,-0.912469,5.84978,-9.68864,-2.10515,0.420139,-50.8319,4.81292,-16.0593,-16.8686,-11.0642,-39.4208,5.03914,-9.25303,0.587556
17.2222,-10.0531,-22.6731,4.07775,-2.07212,33.3294,-17.9926,-57.9244,-4.22036,-0.671336,5.98689,-9.81611,-2.11219,0.4313,-51.6489,4.79989,-16.6195,-17.0335,-11.3679,-39.7158,5.33694,-9.38019,0.794722
17.3612,-10.1343,-23.0263,4.26428,-2.05304,33.2186,-18.2434,-58.1989,-4.33725,-0.748631,5.94408,-9.82744,-2.13926,0.212919,-52.5031,4.77608,-16.874,-17.1156,-11.569,-40.3056,5.66069,-9.52425,0.791808
17.5,-10.26,-23.3937,4.58394,-2.15304,33.2692,-18.5203,-58.2917,-4.32425,-0.744844,5.95458,-9.8335,-2.1962,0.12696,-53.1411,4.74325,-17.0783,-17.0674,-11.6382,-40.8242,5.46322,-9.56175,0.690919
17.6388,-10.4661,-23.5988,4.96739,-2.14843,33.6008,-18.74,-58.3325,-4.30389,-0.708786,5.889,-9.93408,-2.19516,0.157662,-53.6239,4.78986,-17.1638,-17.1251,-11.7103,-41.1144,5.39425,-9.60744,0.559394
17.7778,-10.5674,-23.7928,5.317,-2.13474,33.7686,-18.7725,-58.3428,-4.50311,-0.728406,5.81422,-9.87728,-2.21084,0.291525,-54.2094,4.82631,-17.1422,-17.378,-11.7121,-41.4478,5.47475,-9.61436,0.49755
17.9167,-10.5952,-23.9722,5.49819,-2.41705,33.9075,-19.0939,-58.3728,-4.57539,-0.730017,5.78575,-9.79922,-2.22084,0.340964,-54.9239,4.86794,-17.1037,-17.5051,-11.7279,-41.9678,5.55625,-9.61075,0.423889
18.0555,-10.6609,-24.1335,5.75389,-2.4318,34.1172,-19.429,-58.5317,-4.58269,-0.744536,5.84003,-10.01,-2.23205,0.425853,-55.4594,4.89561,-17.0674,-17.7423,-11.6966,-42.2169,5.95867,-9.31908,0.240121
18.1945,-10.6954,-24.0812,6.06681,-2.45122,34.3767,-19.6602,-58.7308,-4.68675,-0.751794,5.75828,-10.1754,-2.24008,0.4411,-55.725,4.91469,-17.0472,-17.8175,-11.8026,-42.6725,6.25828,-9.06344,0.156322
18.3333,-10.856,-24.1816,6.06908,-2.26584,34.8031,-19.6324,-58.8508,-4.98203,-0.742889,5.71939,-10.2294,-2.36341,0.405508,-56.2014,4.95069,-17.6461,-18.1506,-11.811,-43.0461,6.36689,-8.89297,0.144482
18.4722,-11.1288,-24.3099,5.99578,-2.2828,35.2119,-19.7419,-58.9008,-5.01039,-0.702461,5.78631,-10.0725,-2.48496,0.356831,-56.5975,5.04767,-18.5867,-18.4824,-11.8031,-43.4358,6.42589,-8.75739,0.134173
18.6112,-11.4995,-24.341,6.05317,-2.29807,35.3658,-19.7473,-58.9939,-5.009,-0.715511,5.70228,-9.83086,-2.52566,0.266167,-56.9336,5.11897,-18.9818,-18.6859,-11.8743,-44.0769,6.42136,-8.38678,-0.104146
18.75,-11.6381,-24.3861,6.11589,-2.32392,35.6214,-19.7694,-59.07,-5.00717,-0.7214,5.73489,-9.53586,-2.5281,0.224707,-57.4714,5.23547,-19.1112,-18.7446,-11.9447,-44.8067,6.48622,-8.27725,-0.417039
18.8888,-12.0376,-24.2786,6.22894,-2.34262,35.8278,-20.0959,-59.3375,-4.995,-0.727197,5.94372,-9.35331,-2.49843,0.154848,-58.2144,5.34625,-18.8726,-18.7589,-11.9765,-45.3886,6.74011,-8.14083,-0.645419
19.0278,-12.4742,-24.1871,6.07944,-2.27854,35.8667,-20.4679,-59.7444,-4.94383,-0.724431,6.02753,-9.2975,-2.51759,0.154553,-58.9878,5.39094,-18.8768,-18.7814,-12.0088,-45.3983,7.08067,-7.91425,-0.711622
19.1667,-12.6277,-24.185,6.07186,-2.02147,35.8733,-20.8551,-60.0369,-4.93417,-0.693328,5.94319,-9.21694,-2.52201,0.0184331,-59.6367,5.43597,-19.0064,-18.8161,-12.0667,-45.6922,7.37175,-7.76661,-0.989394
19.3055,-12.6496,-24.0638,6.06594,-1.70141,35.8369,-21.5351,-60.1811,-4.93386,-0.739231,5.7545,-9.17531,-2.54007,-0.00980689,-59.8533,5.39681,-19.1015,-19.0111,-12.1701,-45.8092,7.34081,-7.57236,-1.03588
19.4445,-12.6701,-24.0274,6.23694,-0.68415,35.8006,-21.836,-60.4033,-4.90886,-0.778925,5.65958,-9.10172,-2.58083,-0.143429,-60.4053,5.38019,-18.8897,-19.3121,-12.4031,-46.1367,7.41967,-7.61883,-1.02086
19.5833,-12.7009,-24.0527,6.38256,-0.651375,35.5306,-22.3877,-60.6631,-4.92411,-0.800144,5.68789,-9.22864,-2.7151,0.0370886,-61.0503,5.37806,-18.7756,-19.6516,-12.7159,-46.2289,7.55342,-7.67722,-1.06626
19.7222,-12.5404,-24.0927,6.63589,-0.134932,35.3853,-22.692,-60.94,-4.86322,-0.785817,5.67258,-9.31206,-3.0915,0.130215,-61.7361,5.37186,-18.7946,-20.1476,-12.8794,-46.2239,7.82547,-7.58897,-1.28083
19.8612,-12.5692,-24.1078,6.51183,0.582214,35.0644,-22.781,-61.0733,-4.79703,-0.748956,5.65889,-9.41397,-3.57006,0.155557,-62.1892,5.40642,-18.8245,-20.0832,-13.0449,-46.2406,8.08511,-7.55864,-1.24338
20,-12.695,-24.185,6.57156,1.00642,35.0208,-22.8476,-61.4436,-4.77861,-0.746175,5.66203,-9.28742,-3.63936,0.0619764,-62.8669,5.52994,-18.7227,-20.3685,-13.0872,-46.7086,8.28294,-7.45339,-1.45313
20.1388,-12.7152,-24.2291,6.58228,1.7003,35.0472,-22.9312,-61.8892,-4.7215,-0.645269,5.44439,-9.21944,-3.61547,-0.0727753,-63.5833,5.69714,-19.0248,-20.3838,-13.1639,-47.065,8.36239,-7.35047,-1.54317
20.2778,-12.7228,-24.1365,6.47167,2.2422,34.9628,-23.2529,-62.2406,-4.74114,-0.557567,5.54533,-8.82547,-3.86167,-0.0224255,-63.8678,5.81033,-18.9913,-20.502,-13.3607,-47.3611,9.07825,-7.40706,-1.69207
20.4167,-12.7591,-24.0515,6.31069,2.63874,34.92,-23.1426,-62.7583,-4.71186,-0.620708,5.69158,-8.60067,-3.98481,0.0992147,-64.2333,5.80358,-18.8834,-20.5694,-13.7548,-47.5522,9.26919,-7.30889,-1.39407
20.5555,-12.7325,-24.0839,6.01392,3.06528,34.9753,-22.9884,-63.0175,-4.59831,-0.662103,5.61244,-8.62883,-4.01147,0.00719428,-64.3053,5.78856,-18.8651,-20.6275,-14.0983,-47.5869,9.38064,-6.96836,-1.48641
20.6945,-12.7421,-24.1027,5.91975,3.46672,35.03,-22.9788,-63.0181,-4.493,-0.652925,5.72825,-8.52878,-3.99739,0.0320331,-64.3722,5.79256,-18.8936,-20.6931,-14.3392,-47.6853,9.71953,-6.68914,-1.48375
20.8333,-12.7626,-24.1132,6.06206,3.76592,35.0061,-22.9749,-63.3003,-4.30178,-0.626117,5.98794,-8.42356,-4.02694,0.100298,-64.4717,5.77842,-18.8945,-21.0998,-14.649,-47.5872,10.0899,-6.52369,-1.62101
20.9722,-12.8456,-24.1597,6.022,4.05536,35.2814,-23.0333,-63.7356,-4.28817,-0.580394,5.94433,-8.14914,-4.04161,0.0523692,-65.0372,5.77242,-18.8978,-21.4604,-15.0173,-47.71,10.3235,-6.28011,-1.79119
21.1112,-12.9349,-24.1424,5.95558,4.28203,35.5706,-22.9949,-64.3192,-4.19486,-0.701,5.79981,-8.11236,-4.03869,-0.0438397,-65.1547,5.79336,-18.8638,-21.5589,-15.1839,-48.1769,10.3319,-6.19564,-1.7472
21.25,-13.0237,-24.1284,5.92869,4.34667,35.6956,-22.9836,-64.9569,-4.26197,-0.730231,5.71169,-8.15678,-4.04014,-0.0416153,-65.1561,5.82253,-18.8984,-21.8548,-15.2964,-48.5208,10.3223,-5.96044,-1.9047
21.3888,-13.1186,-24.1552,6.07,4.56081,35.8869,-22.9129,-65.5819,-4.17669,-0.792389,5.63075,-8.1255,-4.00717,-0.07135,-65.4328,5.89342,-18.9066,-22.1964,-15.2402,-48.7836,10.3249,-5.72544,-2.07964
21.5278,-13.3374,-24.183,6.04917,4.72886,36.0578,-22.9058,-66.1219,-4.10894,-0.714736,5.60086,-8.1225,-4.02367,-0.204217,-65.5597,5.94422,-18.915,-22.5141,-15.1742,-49.0494,10.3181,-5.62431,-2.2805
21.6667,-13.4975,-24.1069,6.05961,4.70908,36.0714,-22.8523,-66.5322,-4.08317,-0.651211,5.74811,-7.92419,-4.14519,-0.25233,-66.1689,5.96094,-18.8899,-22.8623,-15.4378,-49.4153,10.8854,-5.64928,-2.36963
21.8055,-13.4435,-24.0929,6.005,4.74219,36.3947,-22.8826,-67.1836,-4.06942,-0.561603,5.91619,-7.66839,-4.266,-0.473711,-66.8292,5.95575,-18.9488,-23.2873,-15.923,-49.9339,11.3238,-5.71714,-2.63966
21.9445,-13.2906,-24.1947,6.08258,4.75986,36.3869,-23.0022,-67.7922,-3.92419,-0.559758,5.86664,-7.63308,-4.35228,-0.615333,-67.6678,6.00719,-18.8609,-23.5734,-16.258,-50.4414,11.5697,-5.80694,-2.77944
22.0833,-13.1497,-24.2598,6.21728,4.68914,36.2717,-23.3639,-68.3425,-3.98042,-0.483619,5.92161,-7.65303,-4.36253,-0.783094,-68.4014,6.03661,-18.8215,-23.6909,-16.5661,-50.8128,11.6973,-5.89331,-2.64912
22.2222,-13.1776,-24.2893,6.10717,4.96756,36.4733,-24.0896,-68.9547,-3.97928,-0.482989,5.96017,-7.57136,-4.36922,-0.648506,-69.1136,6.04103,-18.6016,-23.8979,-16.8944,-51.2211,12.0947,-5.92178,-2.65375
22.3612,-13.1048,-24.3081,6.18883,5.08994,36.3678,-24.6604,-69.5581,-3.95611,-0.598389,5.83228,-7.59081,-4.37108,-0.598614,-69.8914,6.04683,-18.5099,-23.944,-16.9892,-51.3772,12.2332,-5.89314,-2.77408
22.5,-12.9856,-24.2805,6.05194,5.17586,36.5322,-24.8205,-70.2214,-3.87308,-0.700406,5.73261,-7.46542,-4.35828,-0.577781,-70.5108,6.11006,-18.5487,-24.2606,-17.0195,-51.6836,12.4179,-5.84681,-2.96447
22.6388,-13.1148,-24.2766,5.96061,5.07328,36.8317,-24.8377,-70.9003,-3.80531,-0.753833,5.83361,-7.19803,-4.34656,-0.591381,-71.215,6.16775,-18.7143,-24.8116,-17.0694,-52.1636,12.7035,-5.89767,-3.14517
22.7778,-13.1862,-24.2859,5.79336,4.92089,36.9917,-25.0923,-71.4661,-3.80144,-0.720508,6.1255,-7.05539,-4.35861,-0.668403,-71.5406,6.20428,-18.8239,-25.4319,-17.2549,-52.4097,13.074,-5.92553,-3.47431
22.9167,-13.2932,-24.2876,5.62003,4.71564,37.1508,-25.6276,-71.6194,-3.56864,-0.685353,6.81925,-6.971,-4.36539,-0.728153,-71.5072,6.21419,-18.7338,-25.762,-17.4128,-52.7547,13.1813,-5.82456,-3.53017
23.0555,-13.3263,-24.3856,5.71711,4.74119,37.3258,-25.9719,-72.2147,-3.40767,-0.740986,6.97433,-6.83019,-4.39256,-0.739264,-72.1336,6.24622,-18.8817,-25.9236,-17.8333,-53.1997,13.3864,-5.88014,-3.77742
23.1945,-13.4119,-24.3922,5.87158,4.81564,37.4083,-25.9532,-72.5522,-3.32325,-0.830119,6.94367,-6.69044,-4.44,-0.743853,-72.8114,6.29428,-19.0969,-26.075,-18.0598,-53.3122,13.3207,-5.92986,-4.07939
23.3333,-13.4161,-24.4096,5.908,4.72189,37.5639,-25.8521,-73.0961,-3.45939,-0.841956,7.03469,-6.57306,-4.48794,-0.714425,-73.4478,6.36503,-19.224,-26.1471,-18.1501,-53.4572,13.2842,-5.93258,-4.24492
23.4722,-13.7937,-24.4964,5.79331,4.81111,37.6897,-26.0223,-73.3725,-3.50147,-0.897539,7.06017,-6.45406,-4.51864,-0.588458,-74.0631,6.40408,-19.0897,-26.4256,-18.1663,-53.6611,13.4078,-5.91136,-4.56811
23.6112,-14.1455,-24.763,5.82272,4.76697,37.7886,-25.9028,-74.0275,-3.41581,-0.834225,7.19014,-6.32439,-4.54331,-0.537958,-74.7914,6.43419,-19.0652,-26.6287,-18.0899,-53.9778,13.4054,-5.72625,-4.64183
23.75,-14.1546,-24.6662,5.60706,4.77222,38.0581,-26.0733,-74.6156,-3.45372,-0.808789,7.26172,-6.27528,-4.55097,-0.404606,-75.3786,6.47903,-19.1181,-26.6034,-18.0965,-54.3389,13.0387,-5.64906,-4.82831
23.8888,-14.1344,-24.7843,5.63089,4.75761,38.5222,-26.106,-75.3403,-3.32619,-0.804303,7.25558,-6.34256,-4.6275,-0.307025,-75.8558,6.50114,-19.3813,-26.7384,-18.1185,-54.785,12.9816,-5.36844,-5.08131
24.0278,-13.9981,-24.9838,5.61528,4.76869,39.02,-26.9077,-76.0364,-3.26125,-0.940958,7.27889,-6.74461,-4.67544,-0.360694,-75.9367,6.51072,-19.4566,-26.7837,-18.1941,-55.1586,13.0079,-5.20358,-5.20425
24.1667,-13.9687,-25.2363,5.34936,4.75789,39.4683,-27.6219,-76.3597,-3.24728,-0.930125,7.24775,-6.69989,-4.64528,-0.280139,-75.9711,6.5395,-19.4443,-26.7688,-18.4829,-55.8378,12.9583,-5.07297,-5.14897
24.3055,-13.9869,-25.5487,5.48489,4.77014,39.7553,-28.4008,-77.1389,-3.41717,-1.00231,7.23564,-6.73156,-4.64019,-0.286214,-76.2597,6.57047,-19.4792,-26.8913,-18.773,-56.4847,13.0054,-4.94833,-5.17083
24.4445,-13.9416,-25.8239,5.17231,4.77656,39.9547,-28.9183,-77.2397,-3.40878,-0.964094,7.28086,-6.75897,-4.62056,-0.3757,-76.2575,6.56797,-19.2324,-26.9024,-18.9376,-56.7442,12.9474,-4.87717,-5.17858
24.5833,-13.9861,-25.9138,5.11314,4.78394,40.1456,-29.0228,-77.2286,-3.33917,-0.998908,7.42247,-6.74258,-4.649,-0.229585,-76.4567,6.57978,-19.2353,-27.0483,-19.1194,-56.67,12.8614,-4.87578,-5.12931
24.7222,-14.0232,-25.9714,4.82656,4.79078,40.1542,-29.0142,-77.2228,-3.33572,-1.00586,7.42631,-6.73997,-4.70842,-0.0656669,-76.5592,6.58219,-19.2285,-27.0699,-19.3165,-56.6117,12.9793,-4.87583,-5.14767
24.8612,-13.9994,-26.0424,4.78336,4.84781,40.3586,-29.3467,-77.4686,-3.35483,-1.09081,7.40697,-6.68806,-4.68117,-0.196353,-77.0744,6.57819,-19.2481,-27.1465,-19.4051,-56.7064,13.1658,-4.80356,-5.24917
25,-14.0873,-26.1556,4.61206,4.85564,40.7631,-29.7706,-77.9303,-3.36964,-0.934375,7.34183,-6.49078,-4.68553,-0.356856,-77.4044,6.56614,-18.967,-27.1581,-19.7349,-56.88,13.0429,-4.70172,-5.18767
25.1388,-14.3076,-26.2452,4.63183,4.83292,40.7964,-30.0481,-78.1906,-3.36811,-0.877911,7.60522,-6.36789,-4.71272,-0.325578,-77.6625,6.56306,-18.6045,-27.2411,-20.0306,-57.2594,13.1972,-4.68003,-5.28344
25.2778,-14.5938,-26.2969,4.79458,4.86439,40.8506,-30.0806,-78.3636,-3.37558,-0.925019,7.55872,-6.25764,-4.84217,-0.413758,-77.7331,6.59839,-18.4287,-27.3543,-20.0318,-57.4983,13.1835,-4.69386,-5.2
25.4167,-14.6844,-26.2907,4.85089,4.71422,41.1731,-30.4056,-78.6478,-3.66272,-1.00206,7.52131,-6.15233,-4.78917,-0.445572,-78.0761,6.65281,-18.3848,-27.4834,-20.0944,-57.7725,13.1964,-4.66353,-5.11922
25.5555,-14.4062,-26.6582,4.86697,4.68069,41.6803,-30.7389,-79.2108,-3.90769,-0.939794,7.37928,-6.11711,-4.70886,-0.422614,-78.4717,6.73928,-17.9356,-27.6909,-20.3401,-58.0617,13.1734,-4.57447,-5.15372
25.6945,-14.19,-27.0484,4.92169,4.71328,41.8572,-31.3128,-79.9053,-4.05717,-0.985614,7.46661,-5.9755,-4.71506,-0.3218,-78.9131,6.77456,-17.2876,-27.7236,-20.8623,-58.7567,13.1201,-4.56936,-5.23183
25.8333,-13.9247,-27.273,5.06231,4.71411,41.9997,-31.7586,-80.4589,-4.40725,-0.985131,7.43883,-5.86294,-4.67542,-0.447986,-79.3972,6.85111,-17.1951,-27.7462,-21.1591,-59.2772,13.0284,-4.39286,-5.15158
25.9722,-13.8198,-27.543,5.11528,4.75031,42.1025,-32.0656,-81.0133,-4.64303,-0.926706,7.66167,-5.74361,-4.65636,-0.335322,-79.59,6.93189,-17.1996,-28.1361,-21.3342,-59.7286,13.0266,-4.40881,-5.20683
26.1112,-14.1704,-27.9197,5.12442,4.53528,42.4158,-32.0258,-81.6208,-4.85036,-0.848397,7.57844,-5.64072,-4.65181,-0.223011,-79.8136,6.99236,-17.1247,-28.4025,-21.5269,-60.0331,13.2114,-4.3645,-5.32025
26.25,-14.5216,-28.1525,4.99928,4.65003,42.5817,-31.9839,-82.1797,-4.80972,-0.834142,7.39892,-5.76442,-4.64594,-0.0673442,-79.7181,7.01917,-17.0843,-28.4481,-21.8797,-60.5236,13.0645,-4.27589,-5.51375
26.3888,-14.7191,-28.2939,4.97589,4.76106,42.7792,-31.9539,-82.81,-4.80011,-0.681992,7.24642,-5.70261,-4.65539,-0.0538125,-79.6611,7.03325,-17.1156,-28.6689,-22.0403,-61.0639,13.1479,-4.08281,-5.71975
26.5278,-14.8142,-28.7556,5.18547,4.71411,42.8719,-32.57,-83.2344,-4.89136,-0.281019,7.20542,-5.66411,-4.661,-0.0402167,-79.5531,7.07164,-17.1173,-28.9364,-22.2216,-61.52,13.136,-4.01581,-5.91603
26.6667,-14.8472,-29.2019,5.45703,4.72511,42.9214,-33.1981,-83.9433,-5.12319,-0.245647,7.181,-5.26731,-4.67342,-0.0395611,-79.4447,7.11517,-17.3479,-29.2136,-22.2024,-62.0264,13.075,-3.9385,-6.16861
26.8055,-14.7576,-29.6194,5.48078,4.66417,43.005,-33.5219,-84.6153,-5.54739,-0.0578514,7.48833,-4.94242,-4.63975,-0.239087,-79.3833,7.16697,-17.2073,-29.5431,-22.3256,-62.6703,12.9859,-3.92378,-6.17047
26.9445,-14.7055,-30.1781,5.50164,4.81953,43.0764,-33.9303,-84.9389,-5.86867,-0.054575,7.38553,-4.76361,-4.70236,-0.273346,-79.3131,7.22258,-17.2176,-29.9833,-22.3459,-63.2278,12.9452,-3.83842,-6.18094
27.0833,-14.8648,-30.5244,5.54378,4.97289,43.1158,-34.5547,-84.9725,-6.20692,-0.0810836,7.47861,-4.71378,-4.66189,-0.317406,-79.0867,7.30119,-17.2154,-30.3214,-22.3712,-63.7625,12.9199,-3.86167,-6.20125
27.2222,-14.8803,-30.9261,5.58686,5.09361,43.3136,-34.8681,-85.0703,-6.52975,-0.07201,7.42869,-4.657,-4.67481,-0.378175,-78.9356,7.36031,-17.1026,-30.6331,-22.3577,-64,12.9843,-3.85997,-6.17592
27.3612,-14.8429,-31.2753,5.70058,5.12511,43.7906,-35.1208,-85.1192,-6.75636,-0.0712231,7.17839,-4.54914,-4.75075,-0.211822,-78.8761,7.41081,-17.0451,-30.6922,-22.6159,-64.505,13.0812,-3.89178,-6.23478
27.5,-14.7677,-31.8378,5.77056,5.50667,44.2356,-35.4436,-85.2428,-7.17733,-0.0565097,7.21483,-4.43722,-4.76519,-0.194927,-78.7347,7.43181,-17.1372,-31.1883,-22.8755,-65.0258,13.0758,-3.86617,-6.26594
27.6388,-14.8264,-32.3528,6.12967,5.68822,44.4622,-35.7264,-85.1536,-7.59047,-0.0155432,7.18825,-4.61483,-4.70739,-0.368383,-78.5906,7.47028,-17.1691,-31.6928,-23.154,-65.7356,13.037,-3.83628,-6.19792
27.7778,-14.828,-33.0064,6.29503,5.702,45.1864,-36.0544,-85.0603,-8.01106,0.00683911,7.17708,-4.36156,-4.71519,-0.323847,-78.5703,7.50347,-17.5249,-32.2625,-23.2974,-66.3831,13.0313,-3.76022,-6.28056
27.9167,-14.8164,-33.4814,6.28533,5.72339,45.7764,-36.0367,-85.13,-8.25878,-0.0656242,7.38269,-4.29667,-4.71894,-0.341703,-78.4661,7.56578,-17.6509,-32.4897,-23.5928,-66.8958,12.93,-3.73778,-6.25669
28.0555,-14.8399,-34.0225,6.48656,5.64144,46.2358,-36.0364,-85.1844,-8.59744,-0.0579097,7.32067,-4.35794,-4.71806,-0.326506,-78.4242,7.56783,-17.8717,-32.5892,-24.1391,-67.3536,13.0916,-3.67039,-6.23883
28.1945,-14.8424,-34.4133,6.70381,5.72281,46.3883,-36.1519,-85.74,-9.04889,-0.0895053,7.45878,-4.20953,-4.71317,-0.289469,-78.3653,7.59433,-18.1358,-32.9242,-24.4075,-68.0128,13.1279,-3.61019,-6.28
28.3333,-14.8107,-34.8058,6.82222,5.73131,46.6864,-36.3761,-86.2811,-9.46542,-0.288658,7.56139,-3.99247,-4.69447,-0.312914,-78.2997,7.61969,-18.2094,-33.4844,-24.7767,-68.6422,13.0299,-3.57853,-6.21353
28.4722,-14.8428,-35.0483,6.83933,5.70561,46.7431,-36.3264,-87.0203,-9.76136,-0.533025,7.89294,-3.78453,-4.67942,-0.267997,-78.2444,7.6225,-18.0759,-33.8808,-25.1298,-68.8883,13.0905,-3.45031,-6.23708
28.6112,-14.8754,-35.62,6.58244,5.74617,46.6936,-36.6642,-87.4408,-10.0536,-0.731381,8.05139,-3.71303,-4.70406,-0.329519,-77.9833,7.63053,-17.8998,-34.5944,-25.325,-69.2956,13.1011,-3.22178,-6.21442
28.75,-14.9344,-36.0586,6.62131,5.92114,46.9036,-37.0042,-87.9981,-10.4223,-0.666786,7.86478,-3.31697,-4.72253,-0.320528,-77.9117,7.68956,-17.823,-35.1958,-25.3937,-69.6208,13.0879,-3.22153,-6.27042
28.8888,-15.1294,-36.4611,6.63794,6.11567,47.1836,-37.0308,-88.6917,-10.6961,-0.656619,7.75147,-3.12233,-4.77033,-0.243237,-77.855,7.79197,-17.5816,-35.6486,-25.3958,-69.9819,13.1013,-3.11167,-6.26294
29.0278,-15.3914,-36.8975,6.79903,6.194,47.5067,-37.3058,-89.3236,-10.973,-0.694747,7.20006,-2.87936,-4.79608,-0.132197,-77.725,7.93683,-17.3477,-35.6403,-25.5704,-70.1761,13.0824,-3.11694,-6.22947
29.1667,-15.54,-37.0992,7.14481,6.57633,47.5606,-37.2458,-90.0797,-11.424,-0.780483,7.13403,-2.77233,-4.80372,-0.144766,-77.6231,7.9675,-17.0995,-35.7192,-26.0304,-70.6442,13.0859,-3.1245,-6.23167
29.3055,-15.4074,-37.4344,7.35906,6.53864,47.6556,-37.1236,-90.9697,-11.6342,-0.816308,7.01625,-2.6019,-4.75744,-0.11594,-77.5589,7.99272,-17.061,-35.7953,-26.1869,-71.0203,13.0717,-2.95742,-6.24033
29.4445,-15.3777,-37.7625,7.57211,6.51386,47.7656,-37.0539,-91.9025,-11.779,-0.819072,7.03889,-2.30362,-4.75386,-0.0934433,-77.4733,8.04036,-17.2411,-36.2,-26.2302,-71.5025,13.0474,-2.82289,-6.24072
29.5833,-15.3847,-38.0556,7.73856,6.49836,47.8547,-37.0647,-92.7231,-12.1335,-0.844353,7.17314,-2.03381,-4.74514,-0.0868994,-77.3736,8.10267,-17.2229,-36.3964,-26.3835,-72.1033,13.0103,-2.76592,-6.242
29.7222,-15.4637,-38.3497,7.84592,6.59392,47.8786,-37.0683,-93.5428,-12.4723,-0.863828,7.05839,-1.85232,-4.84681,-0.0839392,-77.3444,8.16092,-17.2539,-36.5092,-26.4037,-72.2339,12.9673,-2.68493,-6.24686
29.8612,-15.6518,-38.5417,7.80206,6.50331,47.8283,-37.0586,-94.5414,-12.6152,-0.845775,7.09569,-1.59286,-4.95492,-0.00978217,-77.3342,8.26331,-17.2318,-36.6661,-26.476,-72.7472,12.9616,-2.69351,-6.243
30,-15.8451,-38.7922,7.73881,6.47022,47.7594,-37.0761,-95.54,-12.6059,-0.854192,7.06869,-1.44862,-4.95158,0.10539,-77.34,8.36761,-17.504,-36.6917,-26.838,-72.8328,12.9997,-2.71893,-6.25894
30.1388,-15.8627,-38.8983,7.76625,6.51475,47.6625,-37.0969,-96.0853,-12.5705,-0.876981,7.05422,-1.52684,-4.98156,0.182928,-77.2692,8.43708,-17.7718,-36.6911,-27.2477,-72.9892,13.0361,-2.68515,-6.26386
30.2778,-15.805,-38.8814,7.81322,6.51789,47.6606,-37.0831,-96.8717,-12.5854,-0.871219,6.94261,-1.60864,-4.9615,0.262331,-77.2461,8.52589,-18.1605,-36.8197,-27.4139,-73.4036,13.0126,-2.65229,-6.26083
30.4167,-15.9025,-38.9422,7.90872,6.5615,47.6517,-37.0733,-97.7511,-12.5737,-0.870189,7.08344,-1.41149,-4.92922,0.238019,-77.2131,8.60817,-18.5841,-37.3797,-27.4492,-73.7742,12.9708,-2.66799,-6.27472
30.5555,-15.8128,-39.0336,8.18622,6.44283,47.6325,-37.1975,-98.3128,-12.4784,-0.838469,7.10775,-1.53804,-4.90967,0.308203,-77.1222,8.69047,-19.0197,-37.5775,-27.6823,-73.9164,12.9635,-2.69971,-6.25644
30.6945,-15.7895,-39.0872,8.33761,6.56939,47.7022,-37.6078,-98.8858,-12.5529,-0.732269,7.09606,-1.71394,-4.77669,0.406372,-77.1011,8.70406,-19.1534,-37.6278,-28.0781,-74.2681,13.0599,-2.6277,-6.23542
30.8333,-15.7989,-38.96,8.24606,6.53019,47.7469,-38.1083,-99.4725,-12.4873,-0.646236,7.12172,-1.66727,-4.74153,0.453672,-77.0817,8.72447,-19.3446,-37.6481,-28.1939,-74.7331,13.0672,-2.62231,-6.18578
30.9722,-15.859,-38.9225,8.14386,6.51378,47.6483,-38.2425,-100.045,-12.4874,-0.786928,7.13767,-1.79787,-4.62453,0.591647,-77.0269,8.80997,-19.3103,-37.6614,-28.3294,-74.9478,13.036,-2.51559,-6.16397
31.1112,-16.0201,-38.9269,8.11239,6.59631,47.6269,-38.4211,-100.744,-12.5274,-0.699617,7.07147,-1.84151,-4.89094,0.675903,-76.9367,8.86303,-19.1304,-37.6569,-28.4303,-75.0222,13.0552,-2.44879,-6.16183
31.25,-16.3309,-39.1333,8.00756,6.51714,47.7158,-38.8833,-101.16,-12.7891,-0.799117,6.96133,-1.61737,-5.22481,0.781322,-76.9122,8.90275,-19.0852,-37.8967,-28.4125,-75.0522,12.9901,-2.36901,-6.13181
31.3888,-16.1182,-39.2831,8.03872,6.59544,47.6186,-39.3686,-101.166,-12.7794,-0.828958,7.04081,-1.46716,-5.65492,0.728517,-76.9017,8.94039,-19,-38.2797,-28.53,-75.6169,13.0964,-2.37331,-6.12642
31.5278,-15.9998,-39.3503,8.03803,6.60242,47.6447,-39.7539,-101.245,-13.0392,-0.807564,7.18017,-1.60258,-5.83558,0.700528,-76.9044,8.97706,-19.1517,-38.5975,-28.8808,-75.8308,13.0945,-2.40178,-6.11772
31.6667,-15.8081,-39.39,8.08761,6.6875,47.6467,-40.0136,-101.604,-13.2958,-0.675036,7.22164,-1.65255,-5.95736,0.704303,-76.8917,9.01447,-19.1999,-38.6639,-29.0192,-75.7239,13.4934,-2.36733,-6.12578
31.8055,-15.6011,-39.3658,8.17447,6.62564,47.8569,-40.0658,-102.173,-13.5571,-0.7574,7.00481,-1.75621,-5.95133,0.736722,-76.8756,9.08672,-19.1011,-38.7328,-29.0906,-75.8083,14.0902,-2.18869,-6.148
31.9445,-15.4761,-39.3958,8.55139,6.51633,48.2444,-40.1892,-102.749,-13.7445,-0.692619,7.07414,-1.61132,-5.915,0.774669,-76.8939,9.16456,-19.0279,-38.9031,-29.2231,-75.8186,14.0715,-2.04824,-6.13639
32.0833,-15.4924,-39.3008,8.65067,6.50439,48.6278,-40.1919,-103.149,-13.7939,-0.8089,6.91711,-1.54378,-5.85344,0.782272,-76.8839,9.28022,-19.4417,-39.0742,-29.345,-75.7983,14.0135,-1.93066,-6.15183
32.2222,-15.498,-39.3322,8.64825,6.56664,49.0736,-40.1675,-103.134,-13.7916,-0.845572,6.96303,-1.4181,-5.88853,0.776178,-76.8864,9.40328,-19.7813,-39.4758,-29.4278,-75.7636,14.0407,-1.90855,-6.14242
32.3612,-15.4775,-39.3953,8.75847,6.61361,49.8056,-40.0525,-103.398,-13.7945,-0.924439,6.89311,-1.41971,-5.94356,0.789681,-76.8881,9.54328,-20.3339,-39.6839,-29.4472,-75.6711,14.0876,-1.91115,-6.14522
32.5,-15.5465,-39.2353,8.65472,6.59325,49.8686,-40.0794,-104.054,-14.0481,-0.949111,6.93967,-1.29553,-5.93939,0.836797,-76.8294,9.63328,-20.2549,-39.7294,-29.9378,-75.7519,14.0624,-2.0011,-6.16958
32.6388,-15.5186,-39.3422,8.58342,6.57583,50.0278,-40.1461,-104.776,-14.2356,-0.838989,6.92206,-1.26353,-5.86372,0.845444,-76.7925,9.72136,-20.539,-39.5908,-30.3111,-76.0897,13.9956,-1.99366,-6.18869
32.7778,-15.7296,-39.3208,8.57306,6.56892,50.2272,-40.2781,-105.528,-14.334,-0.818061,7.08822,-1.17635,-5.84808,0.856583,-76.7878,9.78072,-20.3957,-39.8772,-30.41,-76.4272,13.9581,-1.96677,-6.20769
32.9167,-16.249,-39.3906,8.52347,6.54017,50.6008,-40.3875,-106.444,-14.4049,-0.821108,7.33978,-1.19496,-5.80581,0.871911,-76.7847,9.84669,-20.2314,-39.8606,-30.4719,-76.5692,13.9916,-2.1538,-6.16519
33.0555,-16.8065,-39.4122,8.46694,6.55156,50.6528,-40.2831,-107.221,-14.4368,-0.749972,7.41517,-1.19394,-5.76906,0.882803,-76.7914,9.88806,-20.2621,-39.8975,-30.6636,-76.5794,13.9858,-2.35805,-6.16506
33.1945,-17.2506,-39.4192,8.44886,6.59075,50.7131,-40.2961,-107.913,-14.4471,-0.714406,7.50139,-1.26858,-5.77156,0.883422,-76.7994,9.90389,-20.2019,-39.81,-31.2294,-76.6058,14.0603,-2.61601,-6.12197
33.3333,-17.3622,-39.3267,8.40103,6.60953,51.0531,-40.7844,-108.626,-14.6581,-0.691786,7.57,-1.52417,-5.75367,0.874517,-76.7867,9.94794,-20.3682,-39.7689,-31.4208,-76.8072,14.0524,-2.63064,-6.06772
33.4722,-17.4648,-39.2953,8.32425,6.37142,51.1853,-41.2322,-109.408,-14.9601,-0.824428,8.08247,-1.44744,-5.76139,0.903586,-76.7053,10.0171,-20.2104,-39.9106,-31.4281,-77.0303,14.0279,-2.59225,-5.9855
33.6112,-17.5457,-39.3164,8.31239,6.44103,51.1378,-41.5456,-109.971,-15.45,-0.816103,8.34425,-1.29241,-5.77497,0.933553,-76.6353,10.0562,-20.1636,-39.9103,-31.575,-77.4683,14.0083,-2.62242,-5.95425
33.75,-17.7977,-39.315,8.35767,6.50622,51.4892,-41.6944,-110.744,-15.5366,-0.791575,8.49225,-1.30854,-5.68844,0.966397,-76.6283,10.0497,-20.259,-40.0125,-31.9517,-77.8089,14.0987,-2.67659,-5.92131
33.8888,-17.9083,-39.3,8.49881,6.43575,51.7192,-41.8614,-111.611,-15.7742,-0.965708,8.39622,-1.31964,-5.74497,1.00271,-76.5844,10.0506,-20.5096,-40.0103,-31.9753,-78.0231,14.5891,-2.63573,-5.78753
34.0278,-18.1418,-39.2475,8.37911,6.28633,51.7978,-41.8753,-112.08,-16.024,-0.976483,8.39253,-1.28931,-5.77592,1.03094,-76.5317,10.0539,-20.4979,-40.3311,-32.1439,-78.3589,15.0731,-2.57653,-5.70994
34.1667,-17.9526,-39.2858,8.40417,6.41483,52.0322,-41.9231,-112.191,-16.3121,-1.07863,8.59928,-1.47064,-5.69458,0.965467,-76.4644,10.0537,-20.6255,-40.7794,-32.1667,-78.7706,15.4763,-2.56678,-5.62903
34.3055,-18.0743,-39.4225,8.41981,6.48142,52.1075,-42.1372,-112.412,-16.1363,-0.967658,9.37403,-1.74415,-5.702,0.960144,-76.4642,10.1029,-20.995,-40.7589,-32.2817,-78.8381,15.7934,-2.50838,-5.56253
34.4445,-18.2953,-39.3542,8.519,6.43419,52.2322,-42.1997,-112.732,-16.0143,-0.981819,10.0546,-1.9709,-5.75497,0.972189,-76.46,10.098,-21.4664,-40.9322,-32.4361,-78.8483,16.0043,-2.50133,-5.48008
34.5833,-18.4345,-39.3311,8.57928,6.31819,52.2711,-42.2856,-113.024,-16.1189,-0.928414,10.0931,-1.80096,-5.80603,0.99375,-76.4622,10.1204,-22.0971,-41.4122,-32.4828,-78.8819,15.9936,-2.54006,-5.40281
34.7222,-18.2146,-39.3286,8.65017,6.27011,52.5908,-42.2581,-113.276,-16.0756,-1.00181,10.4896,-1.71027,-5.82892,0.987633,-76.4111,10.1887,-22.4931,-41.9194,-32.4942,-78.8867,15.9332,-2.535,-5.40028
34.8612,-18.2276,-39.3767,8.61333,6.38786,52.5561,-42.4694,-113.559,-15.7815,-0.999847,11.2223,-1.77509,-5.92542,1.01856,-76.3386,10.3228,-22.8141,-41.9483,-32.5678,-78.8836,15.8034,-2.52187,-5.40347
35,-18.3255,-39.3631,8.74061,6.44339,52.4611,-42.6872,-113.893,-15.6686,-1.04978,11.6,-1.72289,-6.00597,1.03858,-76.3178,10.3578,-23.2871,-41.9633,-32.9331,-78.8308,15.8739,-2.52648,-5.20569
35.1388,-18.3171,-39.3892,8.74289,6.43531,52.4372,-42.9278,-113.989,-15.737,-1.32089,12.0563,-1.60703,-6.00706,1.02754,-76.3269,10.3465,-23.3271,-41.9661,-33.2892,-78.785,15.978,-2.52415,-5.01567
35.2778,-18.3072,-39.4856,8.76736,6.39278,52.4364,-43.2842,-114.236,-15.7696,-1.71393,12.5132,-1.45638,-6.02478,1.00807,-76.3214,10.3995,-23.3592,-41.9617,-33.5317,-78.7661,15.923,-2.53886,-5.01511
35.4167,-18.3601,-39.3964,8.89933,6.37386,52.4306,-43.4592,-114.692,-15.7367,-1.75738,12.7837,-1.51567,-5.98944,1.02511,-76.3183,10.5059,-23.3776,-41.9714,-33.6639,-78.8197,15.8869,-2.55061,-4.96172
35.5555,-18.4164,-39.4192,9.04458,6.37056,52.4336,-43.5883,-115.074,-15.7904,-1.73499,12.9952,-1.45799,-5.96675,1.05615,-76.3153,10.5623,-23.5828,-42.0744,-34.0214,-78.8992,15.9204,-2.55759,-4.98261
35.6945,-18.3967,-39.4019,9.14694,6.34103,52.4203,-43.8158,-115.394,-15.8439,-1.76013,12.9212,-1.31767,-5.93953,1.07356,-76.2839,10.59,-24.0519,-41.9925,-34.0275,-78.9706,15.9601,-2.54461,-4.94403
35.8333,-18.4976,-39.4483,9.33597,6.30314,52.335,-44.1936,-115.647,-15.9111,-1.64905,12.8302,-1.37665,-5.96281,1.08667,-76.2433,10.6594,-24.253,-41.9608,-34.0494,-79.0006,16.1223,-2.49874,-5.00836
35.9722,-18.4781,-39.5114,9.315,6.21753,52.3211,-44.4189,-116.078,-16.1387,-1.70271,12.8522,-1.44103,-5.96836,1.13952,-76.2147,10.684,-24.2781,-41.8606,-34.0633,-78.9967,16.0681,-2.49116,-5.08797
36.1112,-18.2359,-39.5775,9.32533,6.152,52.3656,-44.7653,-116.074,-16.3039,-2.01949,12.932,-1.7227,-5.98656,1.17463,-76.2167,10.6961,-24.3097,-42.0017,-34.0761,-79.1203,16.5051,-2.41279,-5.06975
36.25,-18.1823,-39.7144,9.30867,6.43022,52.5944,-44.8975,-116.069,-16.3564,-2.40639,13.135,-1.7815,-6.00658,1.22347,-76.2053,10.7016,-24.5742,-42.3728,-34.1083,-79.1231,16.8304,-2.35104,-5.17164
36.3888,-18.1094,-39.6875,9.28461,6.41514,52.5622,-44.9397,-116.078,-16.378,-2.89333,13.2415,-1.96991,-6.01108,1.22908,-76.2381,10.7221,-24.6536,-42.6597,-34.1136,-79.1386,16.8833,-2.33814,-5.15464
36.5278,-18.2739,-39.6667,9.34308,6.21819,52.875,-45.0192,-116.412,-16.4171,-3.21167,13.3538,-2.08328,-6.01111,1.27579,-76.2556,10.7417,-24.6806,-43.0844,-34.2728,-79.3167,16.8818,-2.16929,-5.15069
36.6667,-18.2921,-39.63,9.53725,6.16386,53.3144,-45.0456,-116.671,-16.3458,-3.29281,13.4678,-2.15577,-6.02928,1.31434,-76.3025,10.7771,-24.9868,-43.5683,-34.3658,-79.6428,16.806,-2.00262,-5.05736
36.8055,-18.4306,-39.7003,9.586,5.70964,53.26,-45.2403,-117.116,-16.2692,-3.50397,13.6158,-2.0884,-5.98208,1.31696,-76.3469,10.7986,-25.008,-43.9564,-34.4561,-80.0553,16.7454,-1.94996,-4.95878
36.9445,-18.4015,-39.7192,9.52947,5.46989,53.1778,-45.8431,-117.505,-16.4129,-3.51264,13.8599,-2.10025,-5.99206,1.47324,-76.3417,10.7968,-25.0144,-44.2547,-34.6111,-80.4956,16.8426,-1.95065,-4.84811
37.0833,-18.3114,-39.7764,9.51622,5.50081,52.9344,-46.1522,-117.596,-16.3476,-3.07039,13.7944,-2.13998,-5.97975,1.48534,-76.3647,10.8439,-25.0265,-44.8608,-34.6653,-80.9403,16.7192,-1.96763,-4.84942
37.2222,-18.4999,-40.0744,9.411,5.27578,52.9994,-46.8844,-117.969,-16.2422,-2.79603,13.9435,-2.11193,-5.96272,1.52886,-76.3253,10.8738,-25.5397,-45.2136,-34.6653,-81.3381,16.6626,-1.91139,-4.87092
37.3612,-18.6143,-39.8414,9.32125,4.97392,53.0847,-47.1056,-117.941,-16.2435,-2.53319,13.9769,-1.91797,-5.99161,1.60808,-76.3231,10.8898,-25.778,-45.6597,-34.6764,-81.5886,16.717,-1.94561,-5.08583
37.5,-18.725,-39.5764,9.33189,4.40803,53.0644,-47.4814,-117.923,-16.2269,-2.31168,14.0539,-1.91797,-6.00386,1.65249,-76.3314,10.8891,-26.3274,-45.8686,-34.6944,-81.7989,16.7548,-2.01139,-5.0975
37.6388,-18.6234,-39.5108,9.35864,3.74417,53.0661,-47.8556,-117.864,-16.2513,-2.04911,14.0602,-1.91354,-5.99339,1.64553,-76.3306,10.9029,-27.2219,-45.9231,-34.8514,-82.1117,16.8285,-2.00936,-5.09214
37.7778,-18.5902,-39.6225,9.44272,3.37122,53.1083,-48.3925,-117.845,-16.284,-1.97496,14.1239,-1.79896,-5.98925,1.67499,-76.3089,10.8953,-27.9561,-46.3781,-35.0636,-82.5019,16.8749,-2.14521,-5.02675
37.9167,-18.5534,-39.7247,9.47819,2.90372,53.2678,-49.0547,-118.008,-16.285,-1.96276,14.3498,-1.65047,-5.90825,1.72682,-76.3164,10.8589,-28.5317,-46.97,-35.1444,-83.0664,17.2225,-2.16301,-4.91553
38.0555,-18.5568,-39.7361,9.65075,2.80425,54.0372,-49.7806,-118.426,-16.2726,-2.1216,14.6051,-1.5033,-5.924,1.77652,-76.3114,10.8527,-28.6997,-47.1031,-35.2339,-83.3717,17.8103,-2.11236,-4.76619
38.1945,-18.5524,-39.7383,9.78606,2.85833,54.8511,-50.4067,-118.671,-16.1996,-2.16893,14.7041,-1.4888,-6.00422,1.79235,-76.3069,10.8403,-28.8108,-47.0847,-35.2617,-83.4347,18.4795,-2.01484,-4.79317
38.3333,-18.5463,-39.6175,9.881,3.05386,55.3547,-51.2211,-118.857,-16.1174,-2.17253,14.7799,-1.53462,-6.01492,1.78418,-76.3186,10.8253,-28.8594,-47.0389,-35.3283,-83.7522,18.8437,-2.03943,-4.55803
38.4722,-18.5899,-39.6828,10.2321,3.18447,55.53,-52.0803,-119.171,-16.0611,-2.22346,14.7933,-1.53659,-6.01372,1.78975,-76.3269,10.8185,-29.6442,-47.0533,-35.315,-84.095,19.4551,-2.00976,-4.28186
38.6112,-18.5719,-39.7006,10.3743,3.05922,55.905,-52.9131,-119.363,-16.0194,-2.48679,14.9556,-1.65618,-6.0305,1.77057,-76.3169,10.8035,-29.8958,-46.9175,-35.3892,-84.5308,19.8495,-1.94619,-4.06325
38.75,-18.5388,-39.6733,10.3117,3.15508,55.8675,-53.6714,-119.37,-16.0254,-2.75529,14.8266,-1.73754,-6.03289,1.73411,-76.3025,10.8121,-30.0617,-46.8289,-35.3961,-84.9564,20.268,-1.95744,-3.92578
38.8888,-18.4473,-39.8558,10.3975,2.96836,56.0172,-54.3083,-119.443,-15.9959,-2.81533,14.7148,-1.60218,-6.02511,1.77878,-76.3042,10.8186,-30.5089,-46.8294,-35.3933,-85.1469,20.7214,-1.82712,-3.83181
39.0278,-18.3569,-39.9444,10.5877,2.91119,56.5644,-54.3044,-119.58,-16.0618,-2.8265,14.6334,-1.63427,-6.02306,1.84816,-76.2856,10.8277,-30.5864,-46.8294,-35.4403,-85.2336,20.7616,-1.73119,-3.66561
39.1667,-18.3342,-39.8658,10.7762,2.88094,56.9408,-54.7644,-119.692,-16.0216,-2.94453,14.6089,-1.66468,-5.9915,1.93272,-76.2642,10.8513,-30.6856,-46.9086,-35.525,-85.2319,20.8039,-1.75241,-3.52939
39.3055,-18.3127,-39.8103,11.4444,2.29408,57.8158,-55.4433,-119.836,-15.9684,-3.00069,14.6608,-1.50373,-5.99319,1.96012,-76.2506,10.8657,-30.9606,-47.0844,-35.6503,-85.2408,20.807,-1.74684,-3.48261
39.4445,-18.3207,-39.7689,11.993,2.14472,58.6997,-56.3331,-120.28,-15.8441,-3.07986,14.6747,-1.51621,-5.9855,1.95601,-76.2525,10.8821,-30.9744,-46.9842,-35.8303,-85.24,20.7975,-1.71351,-3.28389
39.5833,-18.2228,-39.8128,12.4596,2.01032,59.5256,-57.1447,-120.46,-15.7784,-3.27931,14.6629,-1.53966,-5.98617,1.95674,-76.2478,10.8641,-31.0442,-46.9958,-36.2058,-85.3617,20.8434,-1.68759,-3.06622
39.7222,-18.0968,-39.8344,12.6639,1.95505,59.7903,-57.8175,-120.673,-15.7488,-3.57111,14.6633,-1.5834,-5.99069,1.96904,-76.2772,10.8576,-31.4781,-47.0225,-36.4578,-85.5758,20.8442,-1.55552,-2.96836
39.8612,-18.0354,-39.8694,12.9333,1.49509,60.2433,-58.5858,-120.798,-15.6974,-3.54492,14.6598,-1.50438,-6.00486,1.97781,-76.2894,10.8608,-31.4989,-46.9961,-36.5883,-85.8267,20.8386,-1.56654,-3.04331
40,-18.0712,-39.7842,13.2021,1.54225,60.5589,-59.1344,-120.932,-15.6435,-3.64994,14.6115,-1.41963,-6.02992,1.96616,-76.2883,10.8536,-31.6111,-47.0756,-36.6025,-85.8464,20.7757,-1.57049,-3.02711
40.1388,-18.0672,-39.6433,13.3172,2.15429,60.8003,-59.8619,-121.086,-15.6152,-3.82381,14.7383,-1.55959,-6.03272,1.95523,-76.3008,10.8648,-31.5758,-46.9958,-36.7375,-85.8678,20.779,-1.56759,-3.1205
40.2778,-18.0741,-39.5847,13.4778,2.14992,61.2653,-60.51,-121.174,-15.6189,-3.85203,14.7802,-1.52157,-6.00067,1.95629,-76.2886,10.9026,-31.6756,-47.0431,-37.0644,-86.3481,20.7574,-1.60404,-3.11192
40.4167,-18.0851,-39.5608,13.5418,2.21967,61.5472,-61.2656,-121.318,-15.6117,-3.86797,14.7897,-1.49144,-6.01061,1.95743,-76.2961,10.9106,-31.6778,-47.0372,-37.4994,-86.8978,20.7899,-1.50041,-3.21503
40.5555,-18.0938,-39.5658,13.5255,2.53936,61.7653,-61.9772,-121.483,-15.6269,-3.883,14.8425,-1.51171,-6.02261,1.95398,-76.2692,10.9457,-31.9483,-47.0892,-37.5025,-87.3075,20.7715,-1.38372,-3.29597
40.6945,-18.0843,-39.5694,13.4508,2.38563,61.7925,-62.7672,-121.593,-15.6591,-4.10544,14.9952,-1.49602,-6.06442,2.00242,-76.1806,11.0074,-32.0136,-47.2394,-37.5739,-87.87,20.7163,-1.33906,-3.29475
40.8333,-18.0933,-39.6728,13.3762,2.44567,61.8806,-62.9536,-121.62,-15.6435,-4.34178,15.2214,-1.57955,-6.06631,2.09438,-76.0975,11.0828,-32.0075,-47.3164,-37.8467,-88.335,20.7647,-1.35694,-3.09286
40.9722,-18.0714,-39.7264,13.3635,2.45848,62.2061,-63.5942,-121.727,-15.6257,-4.41536,15.2073,-1.62814,-6.10664,2.18789,-76.125,11.1183,-32.0303,-47.3164,-38.2992,-88.8347,20.7281,-1.38506,-3.02619
41.1112,-18.07,-39.7419,13.3583,2.32025,62.2514,-63.9786,-121.746,-15.5901,-4.68058,15.2343,-1.74829,-6.12658,2.20631,-76.1289,11.1704,-32.0539,-47.7578,-38.6519,-89.3056,20.9026,-1.36711,-2.86525
41.25,-18.0614,-39.7336,13.3542,2.01792,62.2589,-64.6778,-121.768,-15.5679,-5.16756,15.1144,-2.02074,-6.12756,2.20121,-76.1339,11.2218,-32.0492,-48.1206,-38.7611,-89.8528,20.7836,-1.30828,-2.55014
41.3888,-18.0681,-39.8581,13.5259,2.05577,62.2661,-65.3381,-121.849,-15.497,-5.46217,15.0602,-2.23678,-6.12858,2.20578,-76.1467,11.3119,-32.0642,-48.6053,-38.8281,-90.4161,20.8187,-1.34683,-2.17484
41.5278,-18.0773,-39.9208,13.7427,2.00138,62.2822,-65.7064,-122.091,-15.4104,-5.70386,14.9813,-2.43844,-6.11592,2.14604,-76.1628,11.3576,-32.3197,-48.7056,-39.1414,-91.06,20.7636,-1.45601,-1.92824
41.6667,-18.0809,-40.0506,13.9567,1.41762,62.3931,-66.0861,-122.608,-15.4088,-5.90783,14.9703,-2.52905,-6.11269,2.17322,-76.1692,11.3867,-32.5994,-49.1117,-39.315,-91.1939,21.0684,-1.46505,-1.90442
41.8055,-18.1123,-40.0739,14.213,1.31661,62.405,-66.6519,-122.911,-15.3934,-6.24131,14.8447,-2.50404,-6.13397,2.2844,-76.1219,11.391,-32.8842,-49.1636,-39.4686,-91.2986,21.3192,-1.39389,-1.80088
41.9445,-18.1324,-39.8989,14.5088,1.17232,62.3869,-66.9961,-123.004,-15.3626,-6.45336,14.8725,-2.54519,-6.20525,2.35739,-76.0761,11.3927,-32.9639,-49.43,-39.5511,-91.4186,21.4651,-1.29755,-1.45131
42.0833,-18.1153,-39.8547,14.691,1.03015,62.2853,-67.3125,-123.307,-15.3714,-6.51469,15.042,-2.47625,-6.19919,2.31774,-76.0831,11.4148,-33.2283,-49.8572,-39.6175,-91.6856,21.2712,-1.12795,-1.28976
42.2222,-18.1053,-39.7358,15.2129,0.985792,62.425,-67.4872,-123.792,-15.403,-6.69403,14.9439,-2.54159,-6.06936,2.31846,-76.0867,11.4181,-34.0033,-50.0347,-39.7103,-92.2133,21.2533,-1.02219,-1.1107
42.3612,-18.105,-39.8531,15.3054,1.03844,62.4072,-68.1508,-123.925,-15.4381,-6.99628,14.9421,-2.54735,-6.08111,2.38099,-76.0339,11.3943,-34.5367,-50.2244,-39.7414,-92.4353,21.3382,-0.813783,-1.09192
42.5,-18.1399,-39.875,15.2971,1.0004,62.3169,-68.6431,-123.99,-15.4467,-7.22917,14.9684,-2.52881,-6.08869,2.44866,-75.9939,11.397,-34.8786,-50.2106,-40.0314,-92.4397,21.2195,-0.633619,-1.08384
42.6388,-18.1479,-39.9528,15.2977,0.999686,62.2933,-69.3039,-124.291,-15.4862,-7.35894,15.1243,-2.54881,-6.18225,2.50084,-76.0006,11.3943,-35.2303,-50.3111,-40.2967,-92.3856,21.2511,-0.540061,-1.1327
42.7778,-18.1587,-40.1011,15.1333,0.992622,62.2622,-69.5508,-124.747,-15.5811,-7.36722,15.131,-2.55607,-6.17239,2.5882,-76.0114,11.3837,-35.8664,-50.2808,-40.3539,-92.3433,21.2064,-0.44905,-1.167
42.9167,-18.1675,-40.1967,15.066,1.04165,62.2931,-70.0781,-125.185,-15.6487,-7.37519,15.218,-2.55552,-6.17858,2.61812,-76.0133,11.3753,-36.4086,-50.1997,-40.3544,-92.3261,21.2093,-0.402706,-1.03591
43.0555,-18.2047,-40.3525,15.0643,1.03788,62.2603,-70.6317,-125.697,-15.8432,-7.49414,15.2106,-2.53618,-6.18425,2.66586,-76.0156,11.3712,-36.9653,-50.1878,-40.3564,-92.4625,21.1748,-0.277797,-1.01466
43.1945,-18.254,-40.3833,15.1092,1.0551,62.1889,-71.2789,-126.191,-15.8528,-7.80522,15.225,-2.52493,-6.14956,2.70958,-76.0114,11.3655,-37.5383,-50.2781,-40.5158,-92.9803,21.2759,-0.225239,-0.823278
43.3333,-18.2709,-40.5028,15.3384,0.999964,62.2028,-71.8797,-126.674,-15.842,-8.04717,15.2433,-2.43436,-6.10453,2.77811,-76.0028,11.358,-38.1103,-50.2694,-40.7319,-93.4161,21.5336,-0.130602,-0.892392
43.4722,-18.2975,-40.4806,15.2792,1.21911,62.1808,-72.4803,-126.975,-15.7969,-8.1575,15.3273,-2.38118,-6.08781,2.82156,-76.0028,11.3761,-38.4783,-50.8028,-40.8719,-94.0428,21.5542,-0.0457283,-0.904097
43.6112,-18.3129,-40.4714,15.1947,1.08696,62.2119,-72.5067,-127.228,-15.6542,-8.14642,15.4599,-2.69036,-6.03614,2.80778,-75.9872,11.3835,-38.9206,-50.8378,-41.1903,-94.4072,21.5204,-0.0251785,-0.860169
43.75,-18.3655,-40.4819,15.1718,1.15229,62.1961,-73.0547,-127.585,-15.6206,-8.14333,15.5143,-2.7079,-6.06819,2.8115,-75.9561,11.3758,-38.8703,-51.0042,-41.5339,-94.6403,21.7572,0.0751011,-0.809164
43.8888,-18.4587,-40.4933,15.2744,1.27469,62.2056,-73.5931,-127.897,-15.5224,-8.24339,15.5416,-2.60355,-6.10353,2.83464,-75.9628,11.3902,-39.2767,-51.2381,-41.6331,-95.2981,21.835,0.0967922,-0.792728
44.0278,-18.5145,-40.5006,15.2558,1.16371,62.2056,-74.2619,-127.959,-15.3944,-8.39147,15.5404,-2.43371,-6.12033,2.85531,-75.9278,11.4034,-40.0869,-51.2606,-41.6944,-95.5781,21.7959,0.225156,-0.857483
44.1667,-18.5393,-40.5058,15.2638,0.74445,62.43,-74.8775,-128.021,-15.2542,-8.72919,15.3936,-2.38636,-6.13422,2.87806,-75.9536,11.4449,-40.9686,-51.16,-41.9092,-96.1533,21.7149,0.25088,-0.740658
44.3055,-18.5282,-40.6592,15.5191,0.229666,62.8581,-75.4847,-128.116,-15.1151,-8.89472,15.2977,-2.24732,-6.17853,2.89825,-75.9728,11.4837,-41.1103,-51.1642,-42.3183,-96.4917,21.7642,0.398169,-0.705322
44.4445,-18.5496,-40.7642,16.1667,-0.0612553,63.4467,-75.9864,-128.114,-14.9678,-9.06633,15.3253,-2.28457,-6.16608,2.93064,-76.0233,11.4654,-41.1169,-51.1794,-42.5447,-96.9003,21.9313,0.500683,-0.689
44.5833,-18.5509,-40.9269,16.3087,0.0408403,63.8894,-76.6664,-128.122,-14.8193,-9.14058,15.4498,-2.30315,-6.17592,2.92953,-76.0919,11.4624,-41.0964,-51.1319,-42.7211,-97.28,21.9061,0.697778,-0.654111
44.7222,-18.4834,-40.9275,16.3273,-0.0623997,64.5283,-77.3025,-128.232,-14.7152,-9.11986,15.4286,-2.30075,-6.18422,2.93003,-76.1189,11.4785,-41.0994,-51.1278,-42.82,-97.4211,21.8194,0.94115,-0.644094
44.8612,-18.443,-40.9192,16.2386,-0.0857683,65.08,-77.8069,-128.326,-14.5741,-9.2,15.6758,-2.36383,-6.20131,2.94836,-76.1156,11.5245,-41.1678,-51.1589,-42.8428,-97.8097,21.7739,1.17366,-0.585544
45,-18.3405,-40.9506,16.1971,-0.455153,65.5197,-78.4444,-128.446,-14.4374,-9.16644,15.7037,-2.49069,-6.15125,2.93831,-76.1514,11.589,-41.4453,-51.1644,-42.9989,-98.2742,21.6908,1.14476,-0.375628
45.1388,-18.2514,-41.0878,16.7535,-0.852342,65.9228,-79.1814,-128.475,-14.3464,-9.16428,15.6323,-2.4375,-6.08478,2.91994,-76.1217,11.5957,-41.91,-51.1192,-43.3858,-98.4639,21.6872,1.26929,-0.260085
45.2778,-18.1808,-41.0794,17.0906,-0.879014,66.2981,-79.6594,-128.807,-14.1564,-9.13147,15.6237,-2.59999,-6.12367,2.94236,-76.0878,11.5985,-42.5408,-51.16,-43.745,-98.6319,21.6531,1.46801,-0.129572
45.4167,-18.1442,-40.9958,17.1357,-0.843272,66.4644,-80.2483,-129.053,-14.0367,-9.27214,15.5428,-2.69494,-6.18167,2.95728,-76.0589,11.6228,-42.9283,-51.1814,-43.8408,-99.0981,21.504,1.4718,0.0475578
45.5555,-17.9818,-41.1411,17.5048,-0.911203,66.4628,-80.7739,-129.304,-13.9678,-9.59308,15.5678,-2.76907,-6.19739,2.93422,-76.0414,11.6385,-43.0142,-51.1533,-43.8747,-99.4086,21.3934,1.44571,0.204848
45.6945,-17.8377,-41.0786,17.9606,-0.917981,66.795,-81.2867,-129.651,-13.9848,-9.77611,15.5961,-2.77518,-6.21214,2.91319,-75.9725,11.673,-43.4097,-51.1725,-43.9789,-99.4547,21.5186,1.44492,0.25946
45.8333,-17.7807,-41.1303,18.2606,-0.862803,67.3928,-81.6108,-129.999,-13.9351,-9.98122,15.5811,-2.74712,-6.22167,2.96178,-75.9108,11.6986,-43.8039,-51.1842,-44.1311,-99.5592,21.5383,1.43291,0.125684
45.9722,-17.7466,-41.1844,19.0181,-1.01869,67.9586,-81.9531,-130.506,-13.7829,-10.1409,15.6192,-2.87475,-6.28067,2.98744,-75.8444,11.709,-44.2483,-51.2767,-44.5567,-99.8203,21.5537,1.36865,0.307622
46.1112,-17.715,-41.0867,19.3969,-1.46406,68.5939,-82.4839,-130.656,-13.7445,-10.2083,15.6292,-2.91664,-6.39475,3.04572,-75.8175,11.7584,-44.5617,-51.3294,-44.8953,-99.8786,21.6473,1.24216,0.408858
46.25,-17.5841,-41.1664,19.1422,-1.59407,68.7661,-83.1019,-130.702,-13.5701,-10.2554,15.3724,-3.04311,-6.42986,3.08297,-75.7078,11.8669,-44.8267,-51.3514,-45.2072,-99.8422,21.7104,1.11077,0.635406
46.3888,-17.5087,-41.3011,19.5926,-1.93547,68.8403,-83.6214,-130.836,-13.4959,-10.2718,15.2934,-3.04828,-6.71867,3.11728,-75.5894,11.9173,-44.8214,-51.6383,-45.6394,-99.8317,21.7281,1.20242,0.817742
46.5278,-17.5006,-41.3589,19.8843,-1.94224,69.0111,-84.1608,-130.922,-13.4189,-10.2842,15.1868,-2.94883,-6.88675,3.13036,-75.5653,11.9148,-44.7586,-51.6319,-45.8267,-99.4258,21.7373,1.06869,1.04176
46.6667,-17.4862,-41.5806,20.0538,-1.96828,69.0658,-84.7622,-130.994,-13.1829,-10.2767,15.2187,-2.92692,-7.00944,3.15339,-75.5714,11.9126,-44.7619,-51.5158,-45.8667,-99.2881,21.7333,0.976006,1.15576
46.8055,-17.4512,-42.0706,20.2527,-2.5781,69.1761,-85.3189,-131.097,-13.0744,-10.3334,15.1545,-2.9375,-7.21719,3.15933,-75.5722,11.91,-44.6267,-51.49,-45.9619,-99.4822,21.6702,0.928003,1.36933
46.9445,-17.3833,-42.2139,20.7913,-2.82297,69.1219,-85.8411,-131.522,-12.9897,-10.3977,15.3601,-2.88719,-7.45286,3.1785,-75.5528,11.9624,-44.7214,-51.4156,-46.1581,-99.7097,21.6498,0.761806,1.59655
47.0833,-17.2217,-42.1914,21.209,-3.06756,69.1408,-86.4053,-131.838,-12.9773,-10.4704,15.5013,-2.97458,-7.72783,3.17978,-75.5019,12.0487,-44.7817,-51.385,-46.1564,-99.8625,21.6423,0.584625,1.74971
47.2222,-17.1876,-42.3019,21.6711,-2.98764,69.1097,-86.9042,-131.957,-12.9779,-10.5615,15.5258,-3.05828,-7.98042,3.20289,-75.5061,12.049,-44.7814,-51.375,-46.6094,-99.7903,21.7091,0.546856,1.93408
47.3612,-17.1569,-42.2978,21.9593,-2.90942,69.1111,-87.5744,-132.205,-12.9659,-10.5868,15.5164,-3.13375,-8.17444,3.19864,-75.5106,12.0667,-44.7828,-51.3828,-46.7069,-99.7658,21.711,0.660489,2.113
47.5,-16.9526,-42.3375,22.3991,-3.06025,69.0894,-88.1503,-132.597,-12.9439,-10.7158,15.6044,-3.16156,-8.47117,3.19681,-75.5011,12.0867,-44.7603,-51.5881,-46.9064,-99.6167,21.6569,0.750169,2.36324
47.6388,-16.7797,-42.4081,22.6671,-3.09119,69.0022,-88.6128,-132.832,-12.9199,-10.7862,15.4216,-3.16586,-8.91528,3.19472,-75.4608,12.1019,-44.745,-51.8814,-46.6819,-99.5467,21.621,0.762936,2.47627
47.7778,-16.712,-42.4322,22.9038,-3.04608,68.9989,-88.9556,-133.004,-12.899,-10.7758,15.2052,-3.15939,-9.35211,3.22197,-75.4364,12.0946,-44.7783,-52.0172,-46.62,-99.4878,21.6572,0.934,2.54089
47.9167,-16.7108,-42.4792,23.1626,-3.15081,68.7558,-89.4056,-133.416,-12.9674,-10.7842,15.1851,-3.02439,-9.45908,3.23775,-75.3956,12.0883,-44.7278,-52.4106,-46.6603,-99.8333,21.6141,1.00584,2.68854
48.0555,-16.6261,-42.2811,23.0884,-3.09439,68.5872,-89.9231,-133.702,-13.0136,-10.9108,15.2221,-2.92567,-9.71411,3.26661,-75.3478,12.0986,-44.6578,-52.4325,-46.695,-99.9836,21.5935,1.01947,2.70791
48.1945,-16.568,-42.19,23.1027,-3.05658,68.5831,-90.5272,-133.828,-13.0016,-11.1696,15.2566,-2.85547,-10.218,3.25689,-75.2658,12.1138,-44.5058,-52.4394,-46.8217,-100.088,21.6491,1.03948,2.75616
48.3333,-16.5211,-42.1844,23.1255,-3.18294,68.6656,-91.1189,-134.019,-13.0064,-11.5237,15.1021,-2.81894,-10.2754,3.25539,-75.1753,12.1326,-44.6006,-52.3089,-46.7725,-100.314,21.6459,1.06302,2.83553
48.4722,-16.5929,-42.0811,23.1152,-2.94697,68.6703,-91.4197,-134.138,-13.2734,-11.734,15.1394,-2.75214,-10.5211,3.22142,-75.14,12.1329,-44.7958,-52.3344,-46.7794,-100.787,21.4921,1.08112,2.84353
48.6112,-16.628,-42.0044,23.0151,-3.04664,68.5683,-92.0475,-134.22,-13.4368,-11.9426,15.1057,-2.85256,-10.5379,3.20261,-75.0764,12.1277,-44.7094,-52.2317,-46.8367,-101.104,21.4536,1.10922,2.89142
48.75,-16.6262,-42.0194,23.0469,-2.97031,68.4439,-92.6094,-134.3,-13.3893,-12.1648,15.0455,-2.95489,-10.5488,3.20936,-74.9819,12.1584,-44.7217,-52.1519,-47.1197,-101.071,21.3679,1.12411,3.03711
48.8888,-16.515,-42.0633,23.0886,-2.9975,68.1389,-93.0839,-134.53,-13.3923,-12.4445,14.9299,-3.03225,-10.6956,3.18428,-74.9764,12.2283,-44.8114,-52.1969,-47.5067,-101.321,21.3181,1.08747,3.19131
49.0278,-16.3211,-42.0419,22.967,-2.96903,68.0658,-93.7311,-134.799,-13.4399,-12.5243,14.9101,-2.93878,-10.9018,3.17478,-74.9567,12.2996,-44.9294,-52.225,-47.8647,-101.281,21.3459,0.995969,3.51164
49.1667,-16.2849,-41.9111,22.6104,-3.05886,68.1344,-94.4758,-135.192,-13.4356,-12.4822,14.9329,-2.92519,-11.2736,3.13258,-74.9353,12.2874,-44.8542,-52.2361,-48.1344,-101.208,21.3606,0.957639,3.83725
49.3055,-16.2549,-41.9028,22.3419,-2.98122,68.1361,-94.9225,-135.521,-13.3971,-12.4864,14.9843,-2.95928,-11.4876,3.03594,-74.9406,12.3534,-44.7283,-52.1794,-48.4539,-101.438,21.4108,0.959194,3.95356
49.4445,-16.185,-41.9075,21.965,-3.00592,68.1836,-95.4064,-136.021,-13.407,-12.4986,14.9905,-2.97936,-11.4914,3.02844,-74.9444,12.4395,-44.675,-52.3125,-48.6631,-101.469,21.4298,0.924814,4.23544
49.5833,-16.1588,-41.8833,21.7627,-3.14389,68.1869,-95.8933,-136.374,-13.3781,-12.5005,14.9801,-2.787,-11.5005,3.04286,-74.905,12.4556,-44.6961,-52.3308,-48.6497,-101.784,21.4404,0.917278,4.32014
49.7222,-16.1157,-41.7808,21.5409,-2.99458,68.1742,-96.2667,-136.591,-13.3899,-12.4917,14.9025,-2.77861,-11.6186,3.03394,-74.8967,12.4384,-44.7056,-52.3425,-48.7131,-101.978,21.4104,1.02417,4.50494
49.8612,-16.1243,-41.8208,21.4625,-2.96119,68.1497,-96.5814,-136.643,-13.4077,-12.3893,14.8917,-2.7566,-11.6238,3.05961,-74.8642,12.4859,-44.7147,-52.3528,-48.7544,-102.013,21.4151,1.09788,4.50733
50,-16.1299,-41.8203,21.4708,-2.95203,68.1072,-96.7406,-136.635,-13.4098,-12.0829,14.895,-2.7248,-11.6142,3.07067,-74.8319,12.5227,-44.7139,-52.3819,-48.7458,-102.03,21.4177,1.15299,4.507
50.1388,-16.1202,-41.8158,21.4785,-2.95567,68.0608,-96.7908,-136.635,-13.41,-11.8241,14.8854,-2.72213,-11.6183,3.08403,-74.8111,12.5251,-44.7153,-52.3706,-48.7125,-102.029,21.4171,1.15443,4.51222
50.2778,-16.1005,-41.8244,21.4773,-2.96392,68.0906,-96.9275,-136.631,-13.4089,-11.6812,14.9118,-2.73759,-11.6146,3.08564,-74.8056,12.5274,-44.715,-52.3453,-48.6628,-102.026,21.4184,1.15916,4.56936
50.4167,-16.1095,-41.8225,21.4803,-2.95478,68.1175,-96.9267,-136.632,-13.4126,-11.6185,14.9128,-2.75678,-11.6139,3.06989,-74.8044,12.5287,-44.7114,-52.3444,-48.5225,-102.035,21.4178,1.18366,4.66706
50.5555,-16.1183,-41.8225,21.4786,-2.94669,68.1128,-97.0092,-136.631,-13.4144,-11.6261,14.8981,-2.79017,-11.6134,2.95756,-74.8056,12.5286,-44.7181,-52.3453,-48.4822,-102.051,21.4163,1.23724,4.81619
50.6945,-16.0991,-41.8206,21.4811,-2.96142,68.1997,-97.1933,-136.63,-13.4222,-11.5587,14.8845,-2.73511,-11.5965,2.88911,-74.8025,12.5565,-44.6761,-52.3953,-48.6044,-102.098,21.3287,1.25753,4.93192
50.8333,-16.0982,-41.8261,21.4827,-2.96142,68.2008,-97.7489,-136.63,-13.4382,-11.6131,14.8957,-2.69859,-11.6141,2.87119,-74.8036,12.6926,-44.7158,-52.3419,-48.4214,-102.294,21.3003,1.23134,5.15897
50.9722,-16.0999,-41.8964,21.4839,-2.95775,68.1758,-98.4167,-136.628,-13.4415,-11.7367,14.964,-2.69044,-11.6,2.84764,-74.7992,12.7789,-44.7131,-52.3544,-48.3842,-102.345,21.288,1.18931,5.49736
51.1112,-16.096,-41.9144,21.4867,-2.95897,68.1231,-99.1419,-136.627,-13.444,-11.7815,14.966,-2.69716,-11.5676,2.84819,-74.7972,12.925,-44.7461,-52.3811,-48.325,-102.397,21.2986,1.14011,5.72172
51.25,-16.1032,-41.9181,21.5006,-2.96717,68.075,-99.6778,-136.674,-13.458,-11.7854,15.0011,-2.69719,-11.592,2.82811,-74.7664,13.0285,-44.7606,-52.3506,-48.2531,-102.576,21.3208,1.13792,5.92867
51.3888,-16.1069,-41.9319,21.5041,-2.96717,68.0783,-100.283,-136.74,-13.4614,-11.7801,15.0013,-2.71315,-11.5736,2.76264,-74.7486,13.0967,-44.7536,-52.3692,-48.3475,-102.827,21.3336,1.15581,6.25278
51.5278,-16.1128,-41.9314,21.4919,-2.97081,68.0747,-101.117,-137.093,-13.4616,-11.6003,14.9844,-2.76131,-11.5734,2.76401,-74.7197,13.1217,-44.7628,-52.3817,-48.3947,-102.97,21.3494,1.23178,6.57294
51.6667,-16.1151,-41.9058,21.749,-2.99544,68.1533,-101.883,-137.193,-13.4626,-11.5599,14.9705,-2.85389,-11.5656,2.73603,-74.7244,13.1364,-44.7586,-52.3589,-48.4775,-102.984,21.3402,1.27876,6.87189
51.8055,-16.1187,-41.91,21.8731,-2.99061,68.0925,-102.291,-137.353,-13.4331,-11.701,14.8814,-2.80708,-11.5764,2.71733,-74.7222,13.1372,-44.6944,-52.295,-48.6239,-102.923,21.342,1.30196,7.08356
51.9445,-16.1074,-41.9072,21.9073,-2.96464,68.0956,-102.999,-137.364,-13.4088,-11.8674,14.885,-2.78089,-11.5711,2.5553,-74.7286,13.1429,-44.6783,-52.1756,-48.7658,-102.899,21.3478,1.3254,7.28989
52.0833,-16.0887,-41.9081,21.9506,-2.96017,68.1589,-103.785,-137.406,-13.3931,-12.0175,14.8793,-2.71852,-11.569,2.37628,-74.7267,13.1379,-44.7181,-52.1903,-48.7661,-102.929,21.3508,1.37407,7.48736
52.2222,-16.0788,-41.8989,21.9492,-2.98211,68.1969,-104.661,-137.445,-13.3769,-12.0914,14.8776,-2.70536,-11.5705,2.25133,-74.7233,13.1349,-44.7819,-52.3308,-48.4178,-102.971,21.3433,1.41002,7.73397
52.3612,-16.1019,-41.8436,21.9333,-3.02833,68.0631,-105.084,-137.425,-13.2821,-12.1422,14.6992,-2.82894,-11.6259,2.19822,-74.6972,13.1531,-44.7664,-52.3406,-48.4192,-102.971,21.5707,1.48042,7.92286
52.5,-16.1234,-41.7039,21.8736,-3.03275,68.0661,-105.701,-137.41,-13.208,-12.1166,14.7026,-2.83169,-11.6379,2.19879,-74.6978,13.1234,-44.6931,-52.375,-48.5289,-102.95,21.4949,1.59568,8.19461
52.6388,-16.1138,-41.6536,21.8718,-2.98175,68.1008,-106.561,-137.417,-13.1289,-12.0924,14.6698,-2.83289,-11.6055,2.19725,-74.6958,13.0709,-44.7056,-52.4239,-48.7167,-102.939,21.4849,1.65409,8.19283
52.7778,-16.1399,-41.6019,21.8784,-2.97272,68.1289,-107.542,-137.422,-13.0175,-12.1591,14.5532,-2.81528,-11.5849,2.18137,-74.6986,13.0457,-44.7194,-52.3803,-48.8522,-102.942,21.4864,1.73525,8.30133
52.9167,-16.156,-41.6153,21.8609,-2.97794,68.2139,-108.618,-137.429,-12.951,-12.1904,14.4,-2.8065,-11.6222,2.17228,-74.7008,13.0434,-44.6767,-52.3897,-48.8536,-102.949,21.4863,1.77326,8.44406
53.0555,-16.157,-41.6817,21.8704,-2.97364,68.1822,-109.653,-137.428,-12.9159,-12.1955,14.3671,-2.80967,-11.5941,2.16962,-74.7044,12.9796,-44.5778,-52.3903,-48.8428,-102.938,21.4992,1.77461,8.49597
53.1945,-16.1674,-41.8458,21.9175,-2.96911,68.1511,-110.678,-137.456,-12.8771,-12.1904,14.308,-2.82836,-11.7169,2.17856,-74.7114,12.9729,-44.4186,-52.3975,-48.8561,-102.947,21.5,1.81718,8.496
53.3333,-16.1913,-41.9117,21.9411,-2.96006,68.1169,-111.615,-137.511,-12.8803,-12.1636,14.1338,-2.76081,-11.7215,2.18546,-74.715,12.9359,-44.1008,-52.3897,-48.7386,-102.946,21.5059,1.89467,8.49025
53.4722,-16.1931,-41.9036,21.9461,-2.95844,68.0856,-112.528,-137.546,-12.8874,-12.0258,14.1224,-2.68309,-11.7199,2.18012,-74.7242,12.9288,-44.0947,-52.3692,-48.4492,-102.943,21.4864,1.90336,8.50694
53.6112,-16.1966,-41.9067,21.9466,-2.97411,68.1244,-113.474,-137.551,-12.8966,-12.0318,14.1401,-2.82131,-11.7249,2.18624,-74.7172,12.9392,-44.1106,-52.3756,-48.0992,-102.953,21.4386,1.95263,8.57533
53.75,-16.1826,-41.9108,21.8571,-2.98556,68.0936,-114.386,-137.541,-12.9337,-12.0722,14.1376,-2.85836,-11.7271,2.17421,-74.6994,12.986,-43.9592,-52.3944,-47.9636,-102.952,21.7064,2.09643,8.65956
53.8888,-16.1837,-41.9111,21.858,-2.96136,68.1811,-115.281,-137.533,-12.9384,-12.1293,14.1145,-2.80783,-11.5865,2.1555,-74.7033,12.9778,-43.7761,-52.4117,-47.8236,-102.942,21.6442,2.13325,8.58286
54.0278,-16.1877,-41.915,21.8625,-2.92939,68.27,-116.298,-137.53,-12.9359,-12.1417,14.1024,-2.81111,-11.6148,2.17174,-74.7089,12.9704,-43.7297,-52.4094,-47.8389,-102.95,21.6509,2.1511,8.56797
54.1667,-16.1725,-41.9133,21.8666,-2.93756,68.1836,-117.167,-137.476,-12.9368,-12.1472,14.0967,-2.69054,-11.6023,2.16724,-74.7125,12.9202,-43.7303,-52.385,-47.5425,-102.948,21.5658,2.13727,8.47483
54.3055,-16.161,-41.9122,21.8641,-2.93981,68.1278,-117.902,-137.431,-12.9308,-12.1141,14.0909,-2.73647,-11.499,2.10276,-74.7167,12.8416,-43.7042,-52.2544,-47.2567,-102.938,21.5018,2.13745,8.63778
54.4445,-16.1663,-41.8681,21.8519,-3.03381,68.0736,-118.612,-137.303,-12.8357,-12.2045,13.7425,-2.90619,-11.3543,2.07567,-74.7164,12.8622,-43.7228,-52.3475,-47.0714,-102.97,21.5433,2.13064,8.75653
54.5833,-16.1469,-41.8208,21.868,-3.05408,68.1031,-118.996,-137.316,-12.7339,-12.119,13.6787,-2.78589,-11.3572,2.04712,-74.7361,12.8688,-43.7278,-52.385,-47.1214,-102.836,22.0592,2.07067,8.74194
54.7222,-16.1363,-41.7636,21.9004,-3.10328,68.1875,-119.622,-137.351,-12.6642,-12.172,13.7524,-2.84989,-11.4244,2.05317,-74.7433,12.8743,-43.7036,-52.4714,-47.2303,-102.893,22.4608,2.07412,8.82219
54.8612,-16.1136,-41.6983,21.8883,-2.99158,68.1989,-120.205,-137.354,-12.5722,-12.1473,13.6898,-2.79972,-11.4198,2.03925,-74.7442,12.7913,-43.7314,-52.5214,-47.3822,-102.983,22.5868,2.09764,8.83303
